run_N;2015;2016;2017;2018;2019;2020;2021
1;0.705696815;1.124425196;1.37562956;1.880312301;0.947382928;0.800091137;1.119604882
2;1.270438114;1.199156432;1.082733687;1.170228596;1.280329067;1.343181587;0.957657028
3;0.716314433;0.836838419;1.199605698;1.285556217;0.938901426;1.355930371;1.725180071
4;0.800819069;1.30468083;0.860143825;1.237922392;1.087597494;1.066295215;0.742992526
5;1.113495695;0.631561186;0.910332994;1.232320439;1.316680852;1.493608412;0.703272667
6;0.988608593;1.221251549;1.186882523;1.027901051;1.744335801;0.843649445;0.733887174
7;0.653473592;1.585059947;1.035093197;0.917598039;0.815543417;1.355183873;0.627505234
8;0.846528408;1.303398687;0.935405337;0.789400768;1.291577906;1.294547429;0.523479075
9;0.834987428;1.346999304;0.896027333;0.674185281;1.324087705;1.323257856;0.418273859
10;0.823446448;1.39059992;0.856649329;0.558969793;1.356597503;1.351968284;0.313068643
11;0.811905467;1.434200536;0.817271324;0.443754305;1.389107302;1.380678711;0.207863427
12;0.800364487;1.477801152;0.77789332;0.328538818;1.4216171;1.409389138;0.10265821
13;0.788823506;1.521401768;0.738515315;0.21332333;1.454126899;1.438099566;-0.002547006
14;0.777282526;1.565002385;0.699137311;0.098107842;1.486636697;1.466809993;-0.107752222
15;0.765741546;1.608603001;0.659759307;-0.017107645;1.519146496;1.49552042;-0.212957438
16;0.754200565;1.652203617;0.620381302;-0.132323133;1.551656294;1.524230848;-0.318162655
17;0.742659585;1.695804233;0.581003298;-0.247538621;1.584166093;1.552941275;-0.423367871
18;0.731118604;1.739404849;0.541625294;-0.362754108;1.616675891;1.581651702;-0.528573087
19;0.719577624;1.783005466;0.502247289;-0.477969596;1.64918569;1.610362129;-0.633778303
20;0.708036644;1.826606082;0.462869285;-0.593185084;1.681695488;1.639072557;-0.73898352
21;0.696495663;1.870206698;0.423491281;-0.708400571;1.714205287;1.667782984;-0.844188736
22;0.684954683;1.913807314;0.384113276;-0.823616059;1.746715085;1.696493411;-0.949393952
23;0.673413702;1.95740793;0.344735272;-0.938831547;1.779224884;1.725203839;-1.054599168
24;0.661872722;2.001008547;0.305357268;-1.054047035;1.811734683;1.753914266;-1.159804384
25;0.650331742;2.044609163;0.265979263;-1.169262522;1.844244481;1.782624693;-1.265009601
26;0.638790761;2.088209779;0.226601259;-1.28447801;1.87675428;1.81133512;-1.370214817
27;0.627249781;2.131810395;0.187223254;-1.399693498;1.909264078;1.840045548;-1.475420033
28;0.6157088;2.175411011;0.14784525;-1.514908985;1.941773877;1.868755975;-1.580625249
29;0.60416782;2.219011627;0.108467246;-1.630124473;1.974283675;1.897466402;-1.685830466
30;0.59262684;2.262612244;0.069089241;-1.745339961;2.006793474;1.92617683;-1.791035682
31;0.581085859;2.30621286;0.029711237;-1.860555448;2.039303272;1.954887257;-1.896240898
32;0.569544879;2.349813476;-0.009666767;-1.975770936;2.071813071;1.983597684;-2.001446114
33;0.558003898;2.393414092;-0.049044772;-2.090986424;2.104322869;2.012308112;-2.106651331
34;0.546462918;2.437014708;-0.088422776;-2.206201911;2.136832668;2.041018539;-2.211856547
35;0.534921938;2.480615325;-0.12780078;-2.321417399;2.169342466;2.069728966;-2.317061763
36;0.523380957;2.524215941;-0.167178785;-2.436632887;2.201852265;2.098439393;-2.422266979
37;0.511839977;2.567816557;-0.206556789;-2.551848374;2.234362063;2.127149821;-2.527472196
38;0.500298996;2.611417173;-0.245934793;-2.667063862;2.266871862;2.155860248;-2.632677412
39;0.488758016;2.655017789;-0.285312798;-2.78227935;2.29938166;2.184570675;-2.737882628
40;0.477217036;2.698618406;-0.324690802;-2.897494837;2.331891459;2.213281103;-2.843087844
41;0.465676055;2.742219022;-0.364068807;-3.012710325;2.364401257;2.24199153;-2.948293061
42;0.454135075;2.785819638;-0.403446811;-3.127925813;2.396911056;2.270701957;-3.053498277
43;0.442594094;2.829420254;-0.442824815;-3.243141301;2.429420854;2.299412385;-3.158703493
44;0.431053114;2.87302087;-0.48220282;-3.358356788;2.461930653;2.328122812;-3.263908709
45;0.419512134;2.916621487;-0.521580824;-3.473572276;2.494440451;2.356833239;-3.369113925
46;0.407971153;2.960222103;-0.560958828;-3.588787764;2.52695025;2.385543666;-3.474319142
47;0.396430173;3.003822719;-0.600336833;-3.704003251;2.559460048;2.414254094;-3.579524358
48;0.384889192;3.047423335;-0.639714837;-3.819218739;2.591969847;2.442964521;-3.684729574
49;0.373348212;3.091023951;-0.679092841;-3.934434227;2.624479645;2.471674948;-3.78993479
50;0.361807232;3.134624567;-0.718470846;-4.049649714;2.656989444;2.500385376;-3.895140007
51;0.350266251;3.178225184;-0.75784885;-4.164865202;2.689499242;2.529095803;-4.000345223
52;0.338725271;3.2218258;-0.797226855;-4.28008069;2.722009041;2.55780623;-4.105550439
53;0.32718429;3.265426416;-0.836604859;-4.395296177;2.754518839;2.586516658;-4.210755655
54;0.31564331;3.309027032;-0.875982863;-4.510511665;2.787028638;2.615227085;-4.315960872
55;0.304102329;3.352627648;-0.915360868;-4.625727153;2.819538436;2.643937512;-4.421166088
56;0.292561349;3.396228265;-0.954738872;-4.74094264;2.852048235;2.672647939;-4.526371304
57;0.281020369;3.439828881;-0.994116876;-4.856158128;2.884558033;2.701358367;-4.63157652
58;0.269479388;3.483429497;-1.033494881;-4.971373616;2.917067832;2.730068794;-4.736781737
59;0.257938408;3.527030113;-1.072872885;-5.086589103;2.94957763;2.758779221;-4.841986953
60;0.246397427;3.570630729;-1.112250889;-5.201804591;2.982087429;2.787489649;-4.947192169
61;0.234856447;3.614231346;-1.151628894;-5.317020079;3.014597227;2.816200076;-5.052397385
62;0.223315467;3.657831962;-1.191006898;-5.432235567;3.047107026;2.844910503;-5.157602602
63;0.211774486;3.701432578;-1.230384902;-5.547451054;3.079616824;2.87362093;-5.262807818
64;0.200233506;3.745033194;-1.269762907;-5.662666542;3.112126623;2.902331358;-5.368013034
65;0.188692525;3.78863381;-1.309140911;-5.77788203;3.144636422;2.931041785;-5.47321825
66;0.177151545;3.832234427;-1.348518916;-5.893097517;3.17714622;2.959752212;-5.578423467
67;0.165610565;3.875835043;-1.38789692;-6.008313005;3.209656019;2.98846264;-5.683628683
68;0.154069584;3.919435659;-1.427274924;-6.123528493;3.242165817;3.017173067;-5.788833899
69;0.142528604;3.963036275;-1.466652929;-6.23874398;3.274675616;3.045883494;-5.894039115
70;0.130987623;4.006636891;-1.506030933;-6.353959468;3.307185414;3.074593922;-5.999244331
71;0.119446643;4.050237507;-1.545408937;-6.469174956;3.339695213;3.103304349;-6.104449548
72;0.107905663;4.093838124;-1.584786942;-6.584390443;3.372205011;3.132014776;-6.209654764
73;0.096364682;4.13743874;-1.624164946;-6.699605931;3.40471481;3.160725203;-6.31485998
74;0.084823702;4.181039356;-1.66354295;-6.814821419;3.437224608;3.189435631;-6.420065196
75;0.073282721;4.224639972;-1.702920955;-6.930036906;3.469734407;3.218146058;-6.525270413
76;0.061741741;4.268240588;-1.742298959;-7.045252394;3.502244205;3.246856485;-6.630475629
77;0.050200761;4.311841205;-1.781676964;-7.160467882;3.534754004;3.275566913;-6.735680845
78;0.03865978;4.355441821;-1.821054968;-7.27568337;3.567263802;3.30427734;-6.840886061
79;0.0271188;4.399042437;-1.860432972;-7.390898857;3.599773601;3.332987767;-6.946091278
80;0.015577819;4.442643053;-1.899810977;-7.506114345;3.632283399;3.361698195;-7.051296494
81;0.004036839;4.486243669;-1.939188981;-7.621329833;3.664793198;3.390408622;-7.15650171
82;-0.007504141;4.529844286;-1.978566985;-7.73654532;3.697302996;3.419119049;-7.261706926
83;-0.019045122;4.573444902;-2.01794499;-7.851760808;3.729812795;3.447829476;-7.366912143
84;-0.030586102;4.617045518;-2.057322994;-7.966976296;3.762322593;3.476539904;-7.472117359
85;-0.042127083;4.660646134;-2.096700998;-8.082191783;3.794832392;3.505250331;-7.577322575
86;-0.053668063;4.70424675;-2.136079003;-8.197407271;3.82734219;3.533960758;-7.682527791
87;-0.065209043;4.747847367;-2.175457007;-8.312622759;3.859851989;3.562671186;-7.787733008
88;-0.076750024;4.791447983;-2.214835011;-8.427838246;3.892361787;3.591381613;-7.892938224
89;-0.088291004;4.835048599;-2.254213016;-8.543053734;3.924871586;3.62009204;-7.99814344
90;-0.099831985;4.878649215;-2.29359102;-8.658269222;3.957381384;3.648802468;-8.103348656
91;-0.111372965;4.922249831;-2.332969025;-8.773484709;3.989891183;3.677512895;-8.208553873
92;-0.122913945;4.965850447;-2.372347029;-8.888700197;4.022400981;3.706223322;-8.313759089
93;-0.134454926;5.009451064;-2.411725033;-9.003915685;4.05491078;3.734933749;-8.418964305
94;-0.145995906;5.05305168;-2.451103038;-9.119131172;4.087420578;3.763644177;-8.524169521
95;-0.157536887;5.096652296;-2.490481042;-9.23434666;4.119930377;3.792354604;-8.629374737
96;-0.169077867;5.140252912;-2.529859046;-9.349562148;4.152440175;3.821065031;-8.734579954
97;-0.180618847;5.183853528;-2.569237051;-9.464777636;4.184949974;3.849775459;-8.83978517
98;-0.192159828;5.227454145;-2.608615055;-9.579993123;4.217459772;3.878485886;-8.944990386
99;-0.203700808;5.271054761;-2.647993059;-9.695208611;4.249969571;3.907196313;-9.050195602
100;-0.215241789;5.314655377;-2.687371064;-9.810424099;4.282479369;3.93590674;-9.155400819
101;-0.226782769;5.358255993;-2.726749068;-9.925639586;4.314989168;3.964617168;-9.260606035
102;-0.238323749;5.401856609;-2.766127072;-10.04085507;4.347498966;3.993327595;-9.365811251
103;-0.24986473;5.445457226;-2.805505077;-10.15607056;4.380008765;4.022038022;-9.471016467
104;-0.26140571;5.489057842;-2.844883081;-10.27128605;4.412518564;4.05074845;-9.576221684
105;-0.272946691;5.532658458;-2.884261086;-10.38650154;4.445028362;4.079458877;-9.6814269
106;-0.284487671;5.576259074;-2.92363909;-10.50171702;4.477538161;4.108169304;-9.786632116
107;-0.296028651;5.61985969;-2.963017094;-10.61693251;4.510047959;4.136879732;-9.891837332
108;-0.307569632;5.663460307;-3.002395099;-10.732148;4.542557758;4.165590159;-9.997042549
109;-0.319110612;5.707060923;-3.041773103;-10.84736349;4.575067556;4.194300586;-10.10224776
110;-0.330651593;5.750661539;-3.081151107;-10.96257898;4.607577355;4.223011013;-10.20745298
111;-0.342192573;5.794262155;-3.120529112;-11.07779446;4.640087153;4.251721441;-10.3126582
112;-0.353733554;5.837862771;-3.159907116;-11.19300995;4.672596952;4.280431868;-10.41786341
113;-0.365274534;5.881463387;-3.19928512;-11.30822544;4.70510675;4.309142295;-10.52306863
114;-0.376815514;5.925064004;-3.238663125;-11.42344093;4.737616549;4.337852723;-10.62827385
115;-0.388356495;5.96866462;-3.278041129;-11.53865641;4.770126347;4.36656315;-10.73347906
116;-0.399897475;6.012265236;-3.317419134;-11.6538719;4.802636146;4.395273577;-10.83868428
117;-0.411438456;6.055865852;-3.356797138;-11.76908739;4.835145944;4.423984005;-10.94388949
118;-0.422979436;6.099466468;-3.396175142;-11.88430288;4.867655743;4.452694432;-11.04909471
119;-0.434520416;6.143067085;-3.435553147;-11.99951836;4.900165541;4.481404859;-11.15429993
120;-0.446061397;6.186667701;-3.474931151;-12.11473385;4.93267534;4.510115286;-11.25950514
121;-0.457602377;6.230268317;-3.514309155;-12.22994934;4.965185138;4.538825714;-11.36471036
122;-0.469143358;6.273868933;-3.55368716;-12.34516483;4.997694937;4.567536141;-11.46991558
123;-0.480684338;6.317469549;-3.593065164;-12.46038032;5.030204735;4.596246568;-11.57512079
124;-0.492225318;6.361070166;-3.632443168;-12.5755958;5.062714534;4.624956996;-11.68032601
125;-0.503766299;6.404670782;-3.671821173;-12.69081129;5.095224332;4.653667423;-11.78553122
126;-0.515307279;6.448271398;-3.711199177;-12.80602678;5.127734131;4.68237785;-11.89073644
127;-0.52684826;6.491872014;-3.750577181;-12.92124227;5.160243929;4.711088277;-11.99594166
128;-0.53838924;6.53547263;-3.789955186;-13.03645775;5.192753728;4.739798705;-12.10114687
129;-0.54993022;6.579073246;-3.82933319;-13.15167324;5.225263526;4.768509132;-12.20635209
130;-0.561471201;6.622673863;-3.868711195;-13.26688873;5.257773325;4.797219559;-12.31155731
131;-0.573012181;6.666274479;-3.908089199;-13.38210422;5.290283123;4.825929987;-12.41676252
132;-0.584553162;6.709875095;-3.947467203;-13.4973197;5.322792922;4.854640414;-12.52196774
133;-0.596094142;6.753475711;-3.986845208;-13.61253519;5.35530272;4.883350841;-12.62717295
134;-0.607635122;6.797076327;-4.026223212;-13.72775068;5.387812519;4.912061269;-12.73237817
135;-0.619176103;6.840676944;-4.065601216;-13.84296617;5.420322317;4.940771696;-12.83758339
136;-0.630717083;6.88427756;-4.104979221;-13.95818166;5.452832116;4.969482123;-12.9427886
137;-0.642258064;6.927878176;-4.144357225;-14.07339714;5.485341914;4.99819255;-13.04799382
138;-0.653799044;6.971478792;-4.183735229;-14.18861263;5.517851713;5.026902978;-13.15319904
139;-0.665340024;7.015079408;-4.223113234;-14.30382812;5.550361511;5.055613405;-13.25840425
140;-0.676881005;7.058680025;-4.262491238;-14.41904361;5.58287131;5.084323832;-13.36360947
141;-0.688421985;7.102280641;-4.301869243;-14.53425909;5.615381108;5.11303426;-13.46881468
142;-0.699962966;7.145881257;-4.341247247;-14.64947458;5.647890907;5.141744687;-13.5740199
143;-0.711503946;7.189481873;-4.380625251;-14.76469007;5.680400705;5.170455114;-13.67922512
144;-0.723044926;7.233082489;-4.420003256;-14.87990556;5.712910504;5.199165542;-13.78443033
145;-0.734585907;7.276683106;-4.45938126;-14.99512104;5.745420303;5.227875969;-13.88963555
146;-0.746126887;7.320283722;-4.498759264;-15.11033653;5.777930101;5.256586396;-13.99484077
147;-0.757667868;7.363884338;-4.538137269;-15.22555202;5.8104399;5.285296823;-14.10004598
148;-0.769208848;7.407484954;-4.577515273;-15.34076751;5.842949698;5.314007251;-14.2052512
149;-0.780749828;7.45108557;-4.616893277;-15.455983;5.875459497;5.342717678;-14.31045641
150;-0.792290809;7.494686186;-4.656271282;-15.57119848;5.907969295;5.371428105;-14.41566163
151;-0.803831789;7.538286803;-4.695649286;-15.68641397;5.940479094;5.400138533;-14.52086685
152;-0.81537277;7.581887419;-4.73502729;-15.80162946;5.972988892;5.42884896;-14.62607206
153;-0.82691375;7.625488035;-4.774405295;-15.91684495;6.005498691;5.457559387;-14.73127728
154;-0.83845473;7.669088651;-4.813783299;-16.03206043;6.038008489;5.486269815;-14.8364825
155;-0.849995711;7.712689267;-4.853161304;-16.14727592;6.070518288;5.514980242;-14.94168771
156;-0.861536691;7.756289884;-4.892539308;-16.26249141;6.103028086;5.543690669;-15.04689293
157;-0.873077672;7.7998905;-4.931917312;-16.3777069;6.135537885;5.572401096;-15.15209814
158;-0.884618652;7.843491116;-4.971295317;-16.49292238;6.168047683;5.601111524;-15.25730336
159;-0.896159632;7.887091732;-5.010673321;-16.60813787;6.200557482;5.629821951;-15.36250858
160;-0.907700613;7.930692348;-5.050051325;-16.72335336;6.23306728;5.658532378;-15.46771379
161;-0.919241593;7.974292965;-5.08942933;-16.83856885;6.265577079;5.687242806;-15.57291901
162;-0.930782574;8.017893581;-5.128807334;-16.95378434;6.298086877;5.715953233;-15.67812423
163;-0.942323554;8.061494197;-5.168185338;-17.06899982;6.330596676;5.74466366;-15.78332944
164;-0.953864535;8.105094813;-5.207563343;-17.18421531;6.363106474;5.773374087;-15.88853466
165;-0.965405515;8.148695429;-5.246941347;-17.2994308;6.395616273;5.802084515;-15.99373987
166;-0.976946495;8.192296046;-5.286319351;-17.41464629;6.428126071;5.830794942;-16.09894509
167;-0.988487476;8.235896662;-5.325697356;-17.52986177;6.46063587;5.859505369;-16.20415031
168;-1.000028456;8.279497278;-5.36507536;-17.64507726;6.493145668;5.888215797;-16.30935552
169;-1.011569437;8.323097894;-5.404453365;-17.76029275;6.525655467;5.916926224;-16.41456074
170;-1.023110417;8.36669851;-5.443831369;-17.87550824;6.558165265;5.945636651;-16.51976596
171;-1.034651397;8.410299126;-5.483209373;-17.99072372;6.590675064;5.974347079;-16.62497117
172;-1.046192378;8.453899743;-5.522587378;-18.10593921;6.623184862;6.003057506;-16.73017639
173;-1.057733358;8.497500359;-5.561965382;-18.2211547;6.655694661;6.031767933;-16.8353816
174;-1.069274339;8.541100975;-5.601343386;-18.33637019;6.688204459;6.06047836;-16.94058682
175;-1.080815319;8.584701591;-5.640721391;-18.45158567;6.720714258;6.089188788;-17.04579204
176;-1.092356299;8.628302207;-5.680099395;-18.56680116;6.753224056;6.117899215;-17.15099725
177;-1.10389728;8.671902824;-5.719477399;-18.68201665;6.785733855;6.146609642;-17.25620247
178;-1.11543826;8.71550344;-5.758855404;-18.79723214;6.818243653;6.17532007;-17.36140769
179;-1.126979241;8.759104056;-5.798233408;-18.91244763;6.850753452;6.204030497;-17.4666129
180;-1.138520221;8.802704672;-5.837611413;-19.02766311;6.88326325;6.232740924;-17.57181812
181;-1.150061201;8.846305288;-5.876989417;-19.1428786;6.915773049;6.261451352;-17.67702333
182;-1.161602182;8.889905905;-5.916367421;-19.25809409;6.948282847;6.290161779;-17.78222855
183;-1.173143162;8.933506521;-5.955745426;-19.37330958;6.980792646;6.318872206;-17.88743377
184;-1.184684143;8.977107137;-5.99512343;-19.48852506;7.013302445;6.347582633;-17.99263898
185;-1.196225123;9.020707753;-6.034501434;-19.60374055;7.045812243;6.376293061;-18.0978442
186;-1.207766103;9.064308369;-6.073879439;-19.71895604;7.078322042;6.405003488;-18.20304942
187;-1.219307084;9.107908986;-6.113257443;-19.83417153;7.11083184;6.433713915;-18.30825463
188;-1.230848064;9.151509602;-6.152635447;-19.94938701;7.143341639;6.462424343;-18.41345985
189;-1.242389045;9.195110218;-6.192013452;-20.0646025;7.175851437;6.49113477;-18.51866506
190;-1.253930025;9.238710834;-6.231391456;-20.17981799;7.208361236;6.519845197;-18.62387028
191;-1.265471005;9.28231145;-6.27076946;-20.29503348;7.240871034;6.548555625;-18.7290755
192;-1.277011986;9.325912066;-6.310147465;-20.41024897;7.273380833;6.577266052;-18.83428071
193;-1.288552966;9.369512683;-6.349525469;-20.52546445;7.305890631;6.605976479;-18.93948593
194;-1.300093947;9.413113299;-6.388903474;-20.64067994;7.33840043;6.634686906;-19.04469115
195;-1.311634927;9.456713915;-6.428281478;-20.75589543;7.370910228;6.663397334;-19.14989636
196;-1.323175907;9.500314531;-6.467659482;-20.87111092;7.403420027;6.692107761;-19.25510158
197;-1.334716888;9.543915147;-6.507037487;-20.9863264;7.435929825;6.720818188;-19.36030679
198;-1.346257868;9.587515764;-6.546415491;-21.10154189;7.468439624;6.749528616;-19.46551201
199;-1.357798849;9.63111638;-6.585793495;-21.21675738;7.500949422;6.778239043;-19.57071723
200;-1.369339829;9.674716996;-6.6251715;-21.33197287;7.533459221;6.80694947;-19.67592244
201;-1.380880809;9.718317612;-6.664549504;-21.44718835;7.565969019;6.835659897;-19.78112766
202;-1.39242179;9.761918228;-6.703927508;-21.56240384;7.598478818;6.864370325;-19.88633288
203;-1.40396277;9.805518845;-6.743305513;-21.67761933;7.630988616;6.893080752;-19.99153809
204;-1.415503751;9.849119461;-6.782683517;-21.79283482;7.663498415;6.921791179;-20.09674331
205;-1.427044731;9.892720077;-6.822061521;-21.90805031;7.696008213;6.950501607;-20.20194852
206;-1.438585711;9.936320693;-6.861439526;-22.02326579;7.728518012;6.979212034;-20.30715374
207;-1.450126692;9.979921309;-6.90081753;-22.13848128;7.76102781;7.007922461;-20.41235896
208;-1.461667672;10.02352193;-6.940195535;-22.25369677;7.793537609;7.036632889;-20.51756417
209;-1.473208653;10.06712254;-6.979573539;-22.36891226;7.826047407;7.065343316;-20.62276939
210;-1.484749633;10.11072316;-7.018951543;-22.48412774;7.858557206;7.094053743;-20.72797461
211;-1.496290613;10.15432377;-7.058329548;-22.59934323;7.891067004;7.12276417;-20.83317982
212;-1.507831594;10.19792439;-7.097707552;-22.71455872;7.923576803;7.151474598;-20.93838504
213;-1.519372574;10.24152501;-7.137085556;-22.82977421;7.956086601;7.180185025;-21.04359025
214;-1.530913555;10.28512562;-7.176463561;-22.94498969;7.9885964;7.208895452;-21.14879547
215;-1.542454535;10.32872624;-7.215841565;-23.06020518;8.021106198;7.23760588;-21.25400069
216;-1.553995516;10.37232686;-7.255219569;-23.17542067;8.053615997;7.266316307;-21.3592059
217;-1.565536496;10.41592747;-7.294597574;-23.29063616;8.086125795;7.295026734;-21.46441112
218;-1.577077476;10.45952809;-7.333975578;-23.40585165;8.118635594;7.323737162;-21.56961633
219;-1.588618457;10.5031287;-7.373353583;-23.52106713;8.151145392;7.352447589;-21.67482155
220;-1.600159437;10.54672932;-7.412731587;-23.63628262;8.183655191;7.381158016;-21.78002677
221;-1.611700418;10.59032994;-7.452109591;-23.75149811;8.216164989;7.409868443;-21.88523198
222;-1.623241398;10.63393055;-7.491487596;-23.8667136;8.248674788;7.438578871;-21.9904372
223;-1.634782378;10.67753117;-7.5308656;-23.98192908;8.281184586;7.467289298;-22.09564242
224;-1.646323359;10.72113178;-7.570243604;-24.09714457;8.313694385;7.495999725;-22.20084763
225;-1.657864339;10.7647324;-7.609621609;-24.21236006;8.346204184;7.524710153;-22.30605285
226;-1.66940532;10.80833302;-7.648999613;-24.32757555;8.378713982;7.55342058;-22.41125806
227;-1.6809463;10.85193363;-7.688377617;-24.44279103;8.411223781;7.582131007;-22.51646328
228;-1.69248728;10.89553425;-7.727755622;-24.55800652;8.443733579;7.610841435;-22.6216685
229;-1.704028261;10.93913487;-7.767133626;-24.67322201;8.476243378;7.639551862;-22.72687371
230;-1.715569241;10.98273548;-7.80651163;-24.7884375;8.508753176;7.668262289;-22.83207893
231;-1.727110222;11.0263361;-7.845889635;-24.90365299;8.541262975;7.696972716;-22.93728415
232;-1.738651202;11.06993671;-7.885267639;-25.01886847;8.573772773;7.725683144;-23.04248936
233;-1.750192182;11.11353733;-7.924645644;-25.13408396;8.606282572;7.754393571;-23.14769458
234;-1.761733163;11.15713795;-7.964023648;-25.24929945;8.63879237;7.783103998;-23.25289979
235;-1.773274143;11.20073856;-8.003401652;-25.36451494;8.671302169;7.811814426;-23.35810501
236;-1.784815124;11.24433918;-8.042779657;-25.47973042;8.703811967;7.840524853;-23.46331023
237;-1.796356104;11.2879398;-8.082157661;-25.59494591;8.736321766;7.86923528;-23.56851544
238;-1.807897084;11.33154041;-8.121535665;-25.7101614;8.768831564;7.897945707;-23.67372066
239;-1.819438065;11.37514103;-8.16091367;-25.82537689;8.801341363;7.926656135;-23.77892588
240;-1.830979045;11.41874164;-8.200291674;-25.94059237;8.833851161;7.955366562;-23.88413109
241;-1.842520026;11.46234226;-8.239669678;-26.05580786;8.86636096;7.984076989;-23.98933631
242;-1.854061006;11.50594288;-8.279047683;-26.17102335;8.898870758;8.012787417;-24.09454152
243;-1.865601986;11.54954349;-8.318425687;-26.28623884;8.931380557;8.041497844;-24.19974674
244;-1.877142967;11.59314411;-8.357803692;-26.40145433;8.963890355;8.070208271;-24.30495196
245;-1.888683947;11.63674472;-8.397181696;-26.51666981;8.996400154;8.098918699;-24.41015717
246;-1.900224928;11.68034534;-8.4365597;-26.6318853;9.028909952;8.127629126;-24.51536239
247;-1.911765908;11.72394596;-8.475937705;-26.74710079;9.061419751;8.156339553;-24.62056761
248;-1.923306888;11.76754657;-8.515315709;-26.86231628;9.093929549;8.18504998;-24.72577282
249;-1.934847869;11.81114719;-8.554693713;-26.97753176;9.126439348;8.213760408;-24.83097804
250;-1.946388849;11.85474781;-8.594071718;-27.09274725;9.158949146;8.242470835;-24.93618325
251;-1.95792983;11.89834842;-8.633449722;-27.20796274;9.191458945;8.271181262;-25.04138847
252;-1.96947081;11.94194904;-8.672827726;-27.32317823;9.223968743;8.29989169;-25.14659369
253;-1.98101179;11.98554965;-8.712205731;-27.43839371;9.256478542;8.328602117;-25.2517989
254;-1.992552771;12.02915027;-8.751583735;-27.5536092;9.28898834;8.357312544;-25.35700412
255;-2.004093751;12.07275089;-8.790961739;-27.66882469;9.321498139;8.386022972;-25.46220934
256;-2.015634732;12.1163515;-8.830339744;-27.78404018;9.354007937;8.414733399;-25.56741455
257;-2.027175712;12.15995212;-8.869717748;-27.89925567;9.386517736;8.443443826;-25.67261977
258;-2.038716692;12.20355274;-8.909095753;-28.01447115;9.419027534;8.472154253;-25.77782498
259;-2.050257673;12.24715335;-8.948473757;-28.12968664;9.451537333;8.500864681;-25.8830302
260;-2.061798653;12.29075397;-8.987851761;-28.24490213;9.484047131;8.529575108;-25.98823542
261;-2.073339634;12.33435458;-9.027229766;-28.36011762;9.51655693;8.558285535;-26.09344063
262;-2.084880614;12.3779552;-9.06660777;-28.4753331;9.549066728;8.586995963;-26.19864585
263;-2.096421594;12.42155582;-9.105985774;-28.59054859;9.581576527;8.61570639;-26.30385107
264;-2.107962575;12.46515643;-9.145363779;-28.70576408;9.614086326;8.644416817;-26.40905628
265;-2.119503555;12.50875705;-9.184741783;-28.82097957;9.646596124;8.673127245;-26.5142615
266;-2.131044536;12.55235766;-9.224119787;-28.93619505;9.679105923;8.701837672;-26.61946671
267;-2.142585516;12.59595828;-9.263497792;-29.05141054;9.711615721;8.730548099;-26.72467193
268;-2.154126497;12.6395589;-9.302875796;-29.16662603;9.74412552;8.759258526;-26.82987715
269;-2.165667477;12.68315951;-9.3422538;-29.28184152;9.776635318;8.787968954;-26.93508236
270;-2.177208457;12.72676013;-9.381631805;-29.397057;9.809145117;8.816679381;-27.04028758
271;-2.188749438;12.77036075;-9.421009809;-29.51227249;9.841654915;8.845389808;-27.1454928
272;-2.200290418;12.81396136;-9.460387814;-29.62748798;9.874164714;8.874100236;-27.25069801
273;-2.211831399;12.85756198;-9.499765818;-29.74270347;9.906674512;8.902810663;-27.35590323
274;-2.223372379;12.90116259;-9.539143822;-29.85791896;9.939184311;8.93152109;-27.46110844
275;-2.234913359;12.94476321;-9.578521827;-29.97313444;9.971694109;8.960231517;-27.56631366
276;-2.24645434;12.98836383;-9.617899831;-30.08834993;10.00420391;8.988941945;-27.67151888
277;-2.25799532;13.03196444;-9.657277835;-30.20356542;10.03671371;9.017652372;-27.77672409
278;-2.269536301;13.07556506;-9.69665584;-30.31878091;10.0692235;9.046362799;-27.88192931
279;-2.281077281;13.11916567;-9.736033844;-30.43399639;10.1017333;9.075073227;-27.98713453
280;-2.292618261;13.16276629;-9.775411848;-30.54921188;10.1342431;9.103783654;-28.09233974
281;-2.304159242;13.20636691;-9.814789853;-30.66442737;10.1667529;9.132494081;-28.19754496
282;-2.315700222;13.24996752;-9.854167857;-30.77964286;10.1992627;9.161204509;-28.30275017
283;-2.327241203;13.29356814;-9.893545862;-30.89485834;10.2317725;9.189914936;-28.40795539
284;-2.338782183;13.33716876;-9.932923866;-31.01007383;10.2642823;9.218625363;-28.51316061
285;-2.350323163;13.38076937;-9.97230187;-31.12528932;10.29679209;9.24733579;-28.61836582
286;-2.361864144;13.42436999;-10.01167987;-31.24050481;10.32930189;9.276046218;-28.72357104
287;-2.373405124;13.4679706;-10.05105788;-31.3557203;10.36181169;9.304756645;-28.82877626
288;-2.384946105;13.51157122;-10.09043588;-31.47093578;10.39432149;9.333467072;-28.93398147
289;-2.396487085;13.55517184;-10.12981389;-31.58615127;10.42683129;9.3621775;-29.03918669
290;-2.408028065;13.59877245;-10.16919189;-31.70136676;10.45934109;9.390887927;-29.1443919
291;-2.419569046;13.64237307;-10.2085699;-31.81658225;10.49185089;9.419598354;-29.24959712
292;-2.431110026;13.68597369;-10.2479479;-31.93179773;10.52436068;9.448308782;-29.35480234
293;-2.442651007;13.7295743;-10.28732591;-32.04701322;10.55687048;9.477019209;-29.46000755
294;-2.454191987;13.77317492;-10.32670391;-32.16222871;10.58938028;9.505729636;-29.56521277
295;-2.465732967;13.81677553;-10.36608191;-32.2774442;10.62189008;9.534440063;-29.67041799
296;-2.477273948;13.86037615;-10.40545992;-32.39265968;10.65439988;9.563150491;-29.7756232
297;-2.488814928;13.90397677;-10.44483792;-32.50787517;10.68690968;9.591860918;-29.88082842
298;-2.500355909;13.94757738;-10.48421593;-32.62309066;10.71941947;9.620571345;-29.98603363
299;-2.511896889;13.991178;-10.52359393;-32.73830615;10.75192927;9.649281773;-30.09123885
300;-2.523437869;14.03477861;-10.56297194;-32.85352164;10.78443907;9.6779922;-30.19644407
301;-2.53497885;14.07837923;-10.60234994;-32.96873712;10.81694887;9.706702627;-30.30164928
302;-2.54651983;14.12197985;-10.64172794;-33.08395261;10.84945867;9.735413054;-30.4068545
303;-2.558060811;14.16558046;-10.68110595;-33.1991681;10.88196847;9.764123482;-30.51205972
304;-2.569601791;14.20918108;-10.72048395;-33.31438359;10.91447827;9.792833909;-30.61726493
305;-2.581142771;14.2527817;-10.75986196;-33.42959907;10.94698806;9.821544336;-30.72247015
306;-2.592683752;14.29638231;-10.79923996;-33.54481456;10.97949786;9.850254764;-30.82767536
307;-2.604224732;14.33998293;-10.83861797;-33.66003005;11.01200766;9.878965191;-30.93288058
308;-2.615765713;14.38358354;-10.87799597;-33.77524554;11.04451746;9.907675618;-31.0380858
309;-2.627306693;14.42718416;-10.91737397;-33.89046102;11.07702726;9.936386046;-31.14329101
310;-2.638847673;14.47078478;-10.95675198;-34.00567651;11.10953706;9.965096473;-31.24849623
311;-2.650388654;14.51438539;-10.99612998;-34.120892;11.14204686;9.9938069;-31.35370145
312;-2.661929634;14.55798601;-11.03550799;-34.23610749;11.17455665;10.02251733;-31.45890666
313;-2.673470615;14.60158663;-11.07488599;-34.35132298;11.20706645;10.05122775;-31.56411188
314;-2.685011595;14.64518724;-11.114264;-34.46653846;11.23957625;10.07993818;-31.66931709
315;-2.696552575;14.68878786;-11.153642;-34.58175395;11.27208605;10.10864861;-31.77452231
316;-2.708093556;14.73238847;-11.19302001;-34.69696944;11.30459585;10.13735904;-31.87972753
317;-2.719634536;14.77598909;-11.23239801;-34.81218493;11.33710565;10.16606946;-31.98493274
318;-2.731175517;14.81958971;-11.27177601;-34.92740041;11.36961545;10.19477989;-32.09013796
319;-2.742716497;14.86319032;-11.31115402;-35.0426159;11.40212524;10.22349032;-32.19534318
320;-2.754257477;14.90679094;-11.35053202;-35.15783139;11.43463504;10.25220075;-32.30054839
321;-2.765798458;14.95039155;-11.38991003;-35.27304688;11.46714484;10.28091117;-32.40575361
322;-2.777339438;14.99399217;-11.42928803;-35.38826236;11.49965464;10.3096216;-32.51095882
323;-2.788880419;15.03759279;-11.46866604;-35.50347785;11.53216444;10.33833203;-32.61616404
324;-2.800421399;15.0811934;-11.50804404;-35.61869334;11.56467424;10.36704246;-32.72136926
325;-2.81196238;15.12479402;-11.54742204;-35.73390883;11.59718403;10.39575288;-32.82657447
326;-2.82350336;15.16839464;-11.58680005;-35.84912432;11.62969383;10.42446331;-32.93177969
327;-2.83504434;15.21199525;-11.62617805;-35.9643398;11.66220363;10.45317374;-33.03698491
328;-2.846585321;15.25559587;-11.66555606;-36.07955529;11.69471343;10.48188416;-33.14219012
329;-2.858126301;15.29919648;-11.70493406;-36.19477078;11.72722323;10.51059459;-33.24739534
330;-2.869667282;15.3427971;-11.74431207;-36.30998627;11.75973303;10.53930502;-33.35260055
331;-2.881208262;15.38639772;-11.78369007;-36.42520175;11.79224283;10.56801545;-33.45780577
332;-2.892749242;15.42999833;-11.82306808;-36.54041724;11.82475262;10.59672587;-33.56301099
333;-2.904290223;15.47359895;-11.86244608;-36.65563273;11.85726242;10.6254363;-33.6682162
334;-2.915831203;15.51719957;-11.90182408;-36.77084822;11.88977222;10.65414673;-33.77342142
335;-2.927372184;15.56080018;-11.94120209;-36.8860637;11.92228202;10.68285716;-33.87862663
336;-2.938913164;15.6044008;-11.98058009;-37.00127919;11.95479182;10.71156758;-33.98383185
337;-2.950454144;15.64800141;-12.0199581;-37.11649468;11.98730162;10.74027801;-34.08903707
338;-2.961995125;15.69160203;-12.0593361;-37.23171017;12.01981142;10.76898844;-34.19424228
339;-2.973536105;15.73520265;-12.09871411;-37.34692566;12.05232121;10.79769886;-34.2994475
340;-2.985077086;15.77880326;-12.13809211;-37.46214114;12.08483101;10.82640929;-34.40465272
341;-2.996618066;15.82240388;-12.17747011;-37.57735663;12.11734081;10.85511972;-34.50985793
342;-3.008159046;15.86600449;-12.21684812;-37.69257212;12.14985061;10.88383015;-34.61506315
343;-3.019700027;15.90960511;-12.25622612;-37.80778761;12.18236041;10.91254057;-34.72026836
344;-3.031241007;15.95320573;-12.29560413;-37.92300309;12.21487021;10.941251;-34.82547358
345;-3.042781988;15.99680634;-12.33498213;-38.03821858;12.24738001;10.96996143;-34.9306788
346;-3.054322968;16.04040696;-12.37436014;-38.15343407;12.2798898;10.99867186;-35.03588401
347;-3.065863948;16.08400758;-12.41373814;-38.26864956;12.3123996;11.02738228;-35.14108923
348;-3.077404929;16.12760819;-12.45311614;-38.38386504;12.3449094;11.05609271;-35.24629445
349;-3.088945909;16.17120881;-12.49249415;-38.49908053;12.3774192;11.08480314;-35.35149966
350;-3.10048689;16.21480942;-12.53187215;-38.61429602;12.409929;11.11351356;-35.45670488
351;-3.11202787;16.25841004;-12.57125016;-38.72951151;12.4424388;11.14222399;-35.56191009
352;-3.12356885;16.30201066;-12.61062816;-38.844727;12.47494859;11.17093442;-35.66711531
353;-3.135109831;16.34561127;-12.65000617;-38.95994248;12.50745839;11.19964485;-35.77232053
354;-3.146650811;16.38921189;-12.68938417;-39.07515797;12.53996819;11.22835527;-35.87752574
355;-3.158191792;16.43281251;-12.72876218;-39.19037346;12.57247799;11.2570657;-35.98273096
356;-3.169732772;16.47641312;-12.76814018;-39.30558895;12.60498779;11.28577613;-36.08793618
357;-3.181273752;16.52001374;-12.80751818;-39.42080443;12.63749759;11.31448656;-36.19314139
358;-3.192814733;16.56361435;-12.84689619;-39.53601992;12.67000739;11.34319698;-36.29834661
359;-3.204355713;16.60721497;-12.88627419;-39.65123541;12.70251718;11.37190741;-36.40355182
360;-3.215896694;16.65081559;-12.9256522;-39.7664509;12.73502698;11.40061784;-36.50875704
361;-3.227437674;16.6944162;-12.9650302;-39.88166638;12.76753678;11.42932827;-36.61396226
362;-3.238978654;16.73801682;-13.00440821;-39.99688187;12.80004658;11.45803869;-36.71916747
363;-3.250519635;16.78161743;-13.04378621;-40.11209736;12.83255638;11.48674912;-36.82437269
364;-3.262060615;16.82521805;-13.08316421;-40.22731285;12.86506618;11.51545955;-36.92957791
365;-3.273601596;16.86881867;-13.12254222;-40.34252834;12.89757598;11.54416997;-37.03478312
366;-3.285142576;16.91241928;-13.16192022;-40.45774382;12.93008577;11.5728804;-37.13998834
367;-3.296683556;16.9560199;-13.20129823;-40.57295931;12.96259557;11.60159083;-37.24519355
368;-3.308224537;16.99962052;-13.24067623;-40.6881748;12.99510537;11.63030126;-37.35039877
369;-3.319765517;17.04322113;-13.28005424;-40.80339029;13.02761517;11.65901168;-37.45560399
370;-3.331306498;17.08682175;-13.31943224;-40.91860577;13.06012497;11.68772211;-37.5608092
371;-3.342847478;17.13042236;-13.35881025;-41.03382126;13.09263477;11.71643254;-37.66601442
372;-3.354388458;17.17402298;-13.39818825;-41.14903675;13.12514456;11.74514297;-37.77121964
373;-3.365929439;17.2176236;-13.43756625;-41.26425224;13.15765436;11.77385339;-37.87642485
374;-3.377470419;17.26122421;-13.47694426;-41.37946772;13.19016416;11.80256382;-37.98163007
375;-3.3890114;17.30482483;-13.51632226;-41.49468321;13.22267396;11.83127425;-38.08683528
376;-3.40055238;17.34842545;-13.55570027;-41.6098987;13.25518376;11.85998467;-38.1920405
377;-3.412093361;17.39202606;-13.59507827;-41.72511419;13.28769356;11.8886951;-38.29724572
378;-3.423634341;17.43562668;-13.63445628;-41.84032967;13.32020336;11.91740553;-38.40245093
379;-3.435175321;17.47922729;-13.67383428;-41.95554516;13.35271315;11.94611596;-38.50765615
380;-3.446716302;17.52282791;-13.71321228;-42.07076065;13.38522295;11.97482638;-38.61286137
381;-3.458257282;17.56642853;-13.75259029;-42.18597614;13.41773275;12.00353681;-38.71806658
382;-3.469798263;17.61002914;-13.79196829;-42.30119163;13.45024255;12.03224724;-38.8232718
383;-3.481339243;17.65362976;-13.8313463;-42.41640711;13.48275235;12.06095767;-38.92847701
384;-3.492880223;17.69723037;-13.8707243;-42.5316226;13.51526215;12.08966809;-39.03368223
385;-3.504421204;17.74083099;-13.91010231;-42.64683809;13.54777195;12.11837852;-39.13888745
386;-3.515962184;17.78443161;-13.94948031;-42.76205358;13.58028174;12.14708895;-39.24409266
387;-3.527503165;17.82803222;-13.98885831;-42.87726906;13.61279154;12.17579937;-39.34929788
388;-3.539044145;17.87163284;-14.02823632;-42.99248455;13.64530134;12.2045098;-39.4545031
389;-3.550585125;17.91523346;-14.06761432;-43.10770004;13.67781114;12.23322023;-39.55970831
390;-3.562126106;17.95883407;-14.10699233;-43.22291553;13.71032094;12.26193066;-39.66491353
391;-3.573667086;18.00243469;-14.14637033;-43.33813101;13.74283074;12.29064108;-39.77011874
392;-3.585208067;18.0460353;-14.18574834;-43.4533465;13.77534054;12.31935151;-39.87532396
393;-3.596749047;18.08963592;-14.22512634;-43.56856199;13.80785033;12.34806194;-39.98052918
394;-3.608290027;18.13323654;-14.26450435;-43.68377748;13.84036013;12.37677237;-40.08573439
395;-3.619831008;18.17683715;-14.30388235;-43.79899297;13.87286993;12.40548279;-40.19093961
396;-3.631371988;18.22043777;-14.34326035;-43.91420845;13.90537973;12.43419322;-40.29614483
397;-3.642912969;18.26403839;-14.38263836;-44.02942394;13.93788953;12.46290365;-40.40135004
398;-3.654453949;18.307639;-14.42201636;-44.14463943;13.97039933;12.49161408;-40.50655526
399;-3.665994929;18.35123962;-14.46139437;-44.25985492;14.00290912;12.5203245;-40.61176047
400;-3.67753591;18.39484023;-14.50077237;-44.3750704;14.03541892;12.54903493;-40.71696569
401;-3.68907689;18.43844085;-14.54015038;-44.49028589;14.06792872;12.57774536;-40.82217091
402;-3.700617871;18.48204147;-14.57952838;-44.60550138;14.10043852;12.60645578;-40.92737612
403;-3.712158851;18.52564208;-14.61890638;-44.72071687;14.13294832;12.63516621;-41.03258134
404;-3.723699831;18.5692427;-14.65828439;-44.83593235;14.16545812;12.66387664;-41.13778656
405;-3.735240812;18.61284331;-14.69766239;-44.95114784;14.19796792;12.69258707;-41.24299177
406;-3.746781792;18.65644393;-14.7370404;-45.06636333;14.23047771;12.72129749;-41.34819699
407;-3.758322773;18.70004455;-14.7764184;-45.18157882;14.26298751;12.75000792;-41.4534022
408;-3.769863753;18.74364516;-14.81579641;-45.29679431;14.29549731;12.77871835;-41.55860742
409;-3.781404733;18.78724578;-14.85517441;-45.41200979;14.32800711;12.80742878;-41.66381264
410;-3.792945714;18.8308464;-14.89455242;-45.52722528;14.36051691;12.8361392;-41.76901785
411;-3.804486694;18.87444701;-14.93393042;-45.64244077;14.39302671;12.86484963;-41.87422307
412;-3.816027675;18.91804763;-14.97330842;-45.75765626;14.42553651;12.89356006;-41.97942829
413;-3.827568655;18.96164824;-15.01268643;-45.87287174;14.4580463;12.92227048;-42.0846335
414;-3.839109635;19.00524886;-15.05206443;-45.98808723;14.4905561;12.95098091;-42.18983872
415;-3.850650616;19.04884948;-15.09144244;-46.10330272;14.5230659;12.97969134;-42.29504393
416;-3.862191596;19.09245009;-15.13082044;-46.21851821;14.5555757;13.00840177;-42.40024915
417;-3.873732577;19.13605071;-15.17019845;-46.33373369;14.5880855;13.03711219;-42.50545437
418;-3.885273557;19.17965133;-15.20957645;-46.44894918;14.6205953;13.06582262;-42.61065958
419;-3.896814537;19.22325194;-15.24895445;-46.56416467;14.65310509;13.09453305;-42.7158648
420;-3.908355518;19.26685256;-15.28833246;-46.67938016;14.68561489;13.12324348;-42.82107002
421;-3.919896498;19.31045317;-15.32771046;-46.79459565;14.71812469;13.1519539;-42.92627523
422;-3.931437479;19.35405379;-15.36708847;-46.90981113;14.75063449;13.18066433;-43.03148045
423;-3.942978459;19.39765441;-15.40646647;-47.02502662;14.78314429;13.20937476;-43.13668566
424;-3.954519439;19.44125502;-15.44584448;-47.14024211;14.81565409;13.23808518;-43.24189088
425;-3.96606042;19.48485564;-15.48522248;-47.2554576;14.84816389;13.26679561;-43.3470961
426;-3.9776014;19.52845625;-15.52460048;-47.37067308;14.88067368;13.29550604;-43.45230131
427;-3.989142381;19.57205687;-15.56397849;-47.48588857;14.91318348;13.32421647;-43.55750653
428;-4.000683361;19.61565749;-15.60335649;-47.60110406;14.94569328;13.35292689;-43.66271175
429;-4.012224342;19.6592581;-15.6427345;-47.71631955;14.97820308;13.38163732;-43.76791696
430;-4.023765322;19.70285872;-15.6821125;-47.83153503;15.01071288;13.41034775;-43.87312218
431;-4.035306302;19.74645934;-15.72149051;-47.94675052;15.04322268;13.43905818;-43.97832739
432;-4.046847283;19.79005995;-15.76086851;-48.06196601;15.07573248;13.4677686;-44.08353261
433;-4.058388263;19.83366057;-15.80024652;-48.1771815;15.10824227;13.49647903;-44.18873783
434;-4.069929244;19.87726118;-15.83962452;-48.29239699;15.14075207;13.52518946;-44.29394304
435;-4.081470224;19.9208618;-15.87900252;-48.40761247;15.17326187;13.55389989;-44.39914826
436;-4.093011204;19.96446242;-15.91838053;-48.52282796;15.20577167;13.58261031;-44.50435348
437;-4.104552185;20.00806303;-15.95775853;-48.63804345;15.23828147;13.61132074;-44.60955869
438;-4.116093165;20.05166365;-15.99713654;-48.75325894;15.27079127;13.64003117;-44.71476391
439;-4.127634146;20.09526427;-16.03651454;-48.86847442;15.30330107;13.66874159;-44.81996912
440;-4.139175126;20.13886488;-16.07589255;-48.98368991;15.33581086;13.69745202;-44.92517434
441;-4.150716106;20.1824655;-16.11527055;-49.0989054;15.36832066;13.72616245;-45.03037956
442;-4.162257087;20.22606611;-16.15464855;-49.21412089;15.40083046;13.75487288;-45.13558477
443;-4.173798067;20.26966673;-16.19402656;-49.32933637;15.43334026;13.7835833;-45.24078999
444;-4.185339048;20.31326735;-16.23340456;-49.44455186;15.46585006;13.81229373;-45.34599521
445;-4.196880028;20.35686796;-16.27278257;-49.55976735;15.49835986;13.84100416;-45.45120042
446;-4.208421008;20.40046858;-16.31216057;-49.67498284;15.53086965;13.86971459;-45.55640564
447;-4.219961989;20.44406919;-16.35153858;-49.79019833;15.56337945;13.89842501;-45.66161085
448;-4.231502969;20.48766981;-16.39091658;-49.90541381;15.59588925;13.92713544;-45.76681607
449;-4.24304395;20.53127043;-16.43029459;-50.0206293;15.62839905;13.95584587;-45.87202129
450;-4.25458493;20.57487104;-16.46967259;-50.13584479;15.66090885;13.98455629;-45.9772265
451;-4.26612591;20.61847166;-16.50905059;-50.25106028;15.69341865;14.01326672;-46.08243172
452;-4.277666891;20.66207228;-16.5484286;-50.36627576;15.72592845;14.04197715;-46.18763694
453;-4.289207871;20.70567289;-16.5878066;-50.48149125;15.75843824;14.07068758;-46.29284215
454;-4.300748852;20.74927351;-16.62718461;-50.59670674;15.79094804;14.099398;-46.39804737
455;-4.312289832;20.79287412;-16.66656261;-50.71192223;15.82345784;14.12810843;-46.50325258
456;-4.323830812;20.83647474;-16.70594062;-50.82713771;15.85596764;14.15681886;-46.6084578
457;-4.335371793;20.88007536;-16.74531862;-50.9423532;15.88847744;14.18552929;-46.71366302
458;-4.346912773;20.92367597;-16.78469662;-51.05756869;15.92098724;14.21423971;-46.81886823
459;-4.358453754;20.96727659;-16.82407463;-51.17278418;15.95349704;14.24295014;-46.92407345
460;-4.369994734;21.01087721;-16.86345263;-51.28799967;15.98600683;14.27166057;-47.02927866
461;-4.381535714;21.05447782;-16.90283064;-51.40321515;16.01851663;14.30037099;-47.13448388
462;-4.393076695;21.09807844;-16.94220864;-51.51843064;16.05102643;14.32908142;-47.2396891
463;-4.404617675;21.14167905;-16.98158665;-51.63364613;16.08353623;14.35779185;-47.34489431
464;-4.416158656;21.18527967;-17.02096465;-51.74886162;16.11604603;14.38650228;-47.45009953
465;-4.427699636;21.22888029;-17.06034265;-51.8640771;16.14855583;14.4152127;-47.55530475
466;-4.439240616;21.2724809;-17.09972066;-51.97929259;16.18106563;14.44392313;-47.66050996
467;-4.450781597;21.31608152;-17.13909866;-52.09450808;16.21357542;14.47263356;-47.76571518
468;-4.462322577;21.35968213;-17.17847667;-52.20972357;16.24608522;14.50134399;-47.87092039
469;-4.473863558;21.40328275;-17.21785467;-52.32493905;16.27859502;14.53005441;-47.97612561
470;-4.485404538;21.44688337;-17.25723268;-52.44015454;16.31110482;14.55876484;-48.08133083
471;-4.496945518;21.49048398;-17.29661068;-52.55537003;16.34361462;14.58747527;-48.18653604
472;-4.508486499;21.5340846;-17.33598869;-52.67058552;16.37612442;14.6161857;-48.29174126
473;-4.520027479;21.57768522;-17.37536669;-52.785801;16.40863421;14.64489612;-48.39694648
474;-4.53156846;21.62128583;-17.41474469;-52.90101649;16.44114401;14.67360655;-48.50215169
475;-4.54310944;21.66488645;-17.4541227;-53.01623198;16.47365381;14.70231698;-48.60735691
476;-4.55465042;21.70848706;-17.4935007;-53.13144747;16.50616361;14.7310274;-48.71256212
477;-4.566191401;21.75208768;-17.53287871;-53.24666296;16.53867341;14.75973783;-48.81776734
478;-4.577732381;21.7956883;-17.57225671;-53.36187844;16.57118321;14.78844826;-48.92297256
479;-4.589273362;21.83928891;-17.61163472;-53.47709393;16.60369301;14.81715869;-49.02817777
480;-4.600814342;21.88288953;-17.65101272;-53.59230942;16.6362028;14.84586911;-49.13338299
481;-4.612355322;21.92649015;-17.69039072;-53.70752491;16.6687126;14.87457954;-49.23858821
482;-4.623896303;21.97009076;-17.72976873;-53.82274039;16.7012224;14.90328997;-49.34379342
483;-4.635437283;22.01369138;-17.76914673;-53.93795588;16.7337322;14.9320004;-49.44899864
484;-4.646978264;22.05729199;-17.80852474;-54.05317137;16.766242;14.96071082;-49.55420385
485;-4.658519244;22.10089261;-17.84790274;-54.16838686;16.7987518;14.98942125;-49.65940907
486;-4.670060225;22.14449323;-17.88728075;-54.28360234;16.8312616;15.01813168;-49.76461429
487;-4.681601205;22.18809384;-17.92665875;-54.39881783;16.86377139;15.0468421;-49.8698195
488;-4.693142185;22.23169446;-17.96603676;-54.51403332;16.89628119;15.07555253;-49.97502472
489;-4.704683166;22.27529507;-18.00541476;-54.62924881;16.92879099;15.10426296;-50.08022994
490;-4.716224146;22.31889569;-18.04479276;-54.7444643;16.96130079;15.13297339;-50.18543515
491;-4.727765127;22.36249631;-18.08417077;-54.85967978;16.99381059;15.16168381;-50.29064037
492;-4.739306107;22.40609692;-18.12354877;-54.97489527;17.02632039;15.19039424;-50.39584558
493;-4.750847087;22.44969754;-18.16292678;-55.09011076;17.05883018;15.21910467;-50.5010508
494;-4.762388068;22.49329816;-18.20230478;-55.20532625;17.09133998;15.2478151;-50.60625602
495;-4.773929048;22.53689877;-18.24168279;-55.32054173;17.12384978;15.27652552;-50.71146123
496;-4.785470029;22.58049939;-18.28106079;-55.43575722;17.15635958;15.30523595;-50.81666645
497;-4.797011009;22.6241;-18.32043879;-55.55097271;17.18886938;15.33394638;-50.92187167
498;-4.808551989;22.66770062;-18.3598168;-55.6661882;17.22137918;15.3626568;-51.02707688
499;-4.82009297;22.71130124;-18.3991948;-55.78140368;17.25388898;15.39136723;-51.1322821
500;-4.83163395;22.75490185;-18.43857281;-55.89661917;17.28639877;15.42007766;-51.23748731
