FS;Year;Month;KW;Unit;Source;;;;;;
Abruzzo_DRB;2013;1;NA;TotalKW;file MBL2 SOL_fishing capacity.xlsx;;;;;;
Abruzzo_DRB;2013;10;NA;TotalKW;file MBL2 SOL_fishing capacity.xlsx;;;;;;
Abruzzo_DRB;2013;12;NA;TotalKW;file MBL2 SOL_fishing capacity.xlsx;;;;;;
Abruzzo_DRB;2013;4;NA;TotalKW;file MBL2 SOL_fishing capacity.xlsx;;;;;;
Abruzzo_DRB;2014;1;NA;TotalKW;file MBL2 SOL_fishing capacity.xlsx;;;;;;
Abruzzo_DRB;2015;7;NA;TotalKW;file MBL2 SOL_fishing capacity.xlsx;;;;;;
Abruzzo_DRB;2015;8;NA;TotalKW;file MBL2 SOL_fishing capacity.xlsx;;;;;;
Abruzzo_DRB;2017;10;NA;TotalKW;file MBL2 SOL_fishing capacity.xlsx;;;;;;
Abruzzo_DRB;2017;11;NA;TotalKW;file MBL2 SOL_fishing capacity.xlsx;;;;;;
Abruzzo_DRB;2017;2;NA;TotalKW;file MBL2 SOL_fishing capacity.xlsx;;;;;;
Abruzzo_DRB;2018;2;NA;TotalKW;file MBL2 SOL_fishing capacity.xlsx;;;;;;
Abruzzo_DTS;2005;0;29646.33;TotalKW;file MBL2 SOL_fishing capacity.xlsx;;;;;;
Abruzzo_DTS;2006;0;23766.07;TotalKW;file MBL2 SOL_fishing capacity.xlsx;;;;;;
Abruzzo_DTS;2007;0;21490.7;TotalKW;file MBL2 SOL_fishing capacity.xlsx;;;;;;
Abruzzo_DTS;2008;0;20614.8;TotalKW;file MBL2 SOL_fishing capacity.xlsx;;;;;;
Abruzzo_DTS;2009;0;20580.49;TotalKW;file MBL2 SOL_fishing capacity.xlsx;;;;;;
Abruzzo_DTS;2010;0;22932.3;TotalKW;file MBL2 SOL_fishing capacity.xlsx;;;;;;
Abruzzo_DTS;2011;0;22491.46;TotalKW;file MBL2 SOL_fishing capacity.xlsx;;;;;;
Abruzzo_DTS;2012;0;23340.23;TotalKW;file MBL2 SOL_fishing capacity.xlsx;;;;;;
Abruzzo_DTS;2013;0;23081.23;TotalKW;file MBL2 SOL_fishing capacity.xlsx;;;;;;
Abruzzo_DTS;2014;0;21327.21;TotalKW;file MBL2 SOL_fishing capacity.xlsx;;;;;;
Abruzzo_DTS;2015;0;21626.26;TotalKW;file MBL2 SOL_fishing capacity.xlsx;;;;;;
Abruzzo_DTS;2016;0;21262.26;TotalKW;file MBL2 SOL_fishing capacity.xlsx;;;;;;
Abruzzo_DTS;2017;0;23598.26;TotalKW;file MBL2 SOL_fishing capacity.xlsx;;;;;;
Abruzzo_DTS;2018;0;24598.96;TotalKW;file MBL2 SOL_fishing capacity.xlsx;;;;;;
Abruzzo_PGP;2005;0;6032.99;TotalKW;file MBL2 SOL_fishing capacity.xlsx;;;;;;
Abruzzo_PGP;2006;0;6120.02;TotalKW;file MBL2 SOL_fishing capacity.xlsx;;;;;;
Abruzzo_PGP;2008;0;6433.29;TotalKW;file MBL2 SOL_fishing capacity.xlsx;;;;;;
Abruzzo_PGP;2009;0;6573.84;TotalKW;file MBL2 SOL_fishing capacity.xlsx;;;;;;
Abruzzo_PGP;2010;0;6383.51;TotalKW;file MBL2 SOL_fishing capacity.xlsx;;;;;;
Abruzzo_PGP;2011;0;6206.42;TotalKW;file MBL2 SOL_fishing capacity.xlsx;;;;;;
Abruzzo_PGP;2012;0;5912.98;TotalKW;file MBL2 SOL_fishing capacity.xlsx;;;;;;
Abruzzo_PGP;2013;0;5735.19;TotalKW;file MBL2 SOL_fishing capacity.xlsx;;;;;;
Abruzzo_PGP;2014;0;5908.17;TotalKW;file MBL2 SOL_fishing capacity.xlsx;;;;;;
Abruzzo_PGP;2015;0;5462.47;TotalKW;file MBL2 SOL_fishing capacity.xlsx;;;;;;
Abruzzo_PGP;2016;0;5125.13;TotalKW;file MBL2 SOL_fishing capacity.xlsx;;;;;;
Abruzzo_PGP;2017;0;5091.03;TotalKW;file MBL2 SOL_fishing capacity.xlsx;;;;;;
Abruzzo_PGP;2018;0;4727.3;TotalKW;file MBL2 SOL_fishing capacity.xlsx;;;;;;
Abruzzo_PS;2005;11;4878;TotalKW;file MBL2 SOL_fishing capacity.xlsx;;;;;;
Abruzzo_PS;2005;3;NA;TotalKW;file MBL2 SOL_fishing capacity.xlsx;;;;;;
Abruzzo_PS;2005;9;NA;TotalKW;file MBL2 SOL_fishing capacity.xlsx;;;;;;
Abruzzo_TBB;2005;10;NA;TotalKW;file MBL2 SOL_fishing capacity.xlsx;;;;;;
Abruzzo_TBB;2005;11;NA;TotalKW;file MBL2 SOL_fishing capacity.xlsx;;;;;;
Abruzzo_TBB;2005;12;NA;TotalKW;file MBL2 SOL_fishing capacity.xlsx;;;;;;
Abruzzo_TBB;2005;3;NA;TotalKW;file MBL2 SOL_fishing capacity.xlsx;;;;;;
Abruzzo_TBB;2005;4;NA;TotalKW;file MBL2 SOL_fishing capacity.xlsx;;;;;;
Abruzzo_TBB;2005;5;NA;TotalKW;file MBL2 SOL_fishing capacity.xlsx;;;;;;
Abruzzo_TBB;2005;6;NA;TotalKW;file MBL2 SOL_fishing capacity.xlsx;;;;;;
Abruzzo_TBB;2005;7;NA;TotalKW;file MBL2 SOL_fishing capacity.xlsx;;;;;;
Abruzzo_TBB;2005;8;NA;TotalKW;file MBL2 SOL_fishing capacity.xlsx;;;;;;
Abruzzo_TBB;2005;9;NA;TotalKW;file MBL2 SOL_fishing capacity.xlsx;;;;;;
Abruzzo_TBB;2006;1;NA;TotalKW;file MBL2 SOL_fishing capacity.xlsx;;;;;;
Abruzzo_TBB;2006;2;NA;TotalKW;file MBL2 SOL_fishing capacity.xlsx;;;;;;
Abruzzo_TBB;2006;3;NA;TotalKW;file MBL2 SOL_fishing capacity.xlsx;;;;;;
Abruzzo_TBB;2006;4;NA;TotalKW;file MBL2 SOL_fishing capacity.xlsx;;;;;;
Calabria ionica_DTS;2013;1;NA;TotalKW;file MBL2 SOL_fishing capacity.xlsx;;;;;;
Calabria ionica_DTS;2013;11;NA;TotalKW;file MBL2 SOL_fishing capacity.xlsx;;;;;;
Calabria ionica_DTS;2013;12;NA;TotalKW;file MBL2 SOL_fishing capacity.xlsx;;;;;;
Calabria ionica_DTS;2013;5;NA;TotalKW;file MBL2 SOL_fishing capacity.xlsx;;;;;;
Calabria ionica_DTS;2013;6;NA;TotalKW;file MBL2 SOL_fishing capacity.xlsx;;;;;;
Calabria ionica_DTS;2013;7;NA;TotalKW;file MBL2 SOL_fishing capacity.xlsx;;;;;;
Calabria ionica_DTS;2013;8;NA;TotalKW;file MBL2 SOL_fishing capacity.xlsx;;;;;;
Calabria ionica_DTS;2013;9;NA;TotalKW;file MBL2 SOL_fishing capacity.xlsx;;;;;;
Calabria ionica_DTS;2017;1;NA;TotalKW;file MBL2 SOL_fishing capacity.xlsx;;;;;;
Calabria ionica_DTS;2017;11;NA;TotalKW;file MBL2 SOL_fishing capacity.xlsx;;;;;;
Calabria ionica_DTS;2017;8;NA;TotalKW;file MBL2 SOL_fishing capacity.xlsx;;;;;;
Calabria ionica_DTS;2018;10;NA;TotalKW;file MBL2 SOL_fishing capacity.xlsx;;;;;;
Calabria ionica_DTS;2018;12;NA;TotalKW;file MBL2 SOL_fishing capacity.xlsx;;;;;;
Calabria ionica_DTS;2018;3;NA;TotalKW;file MBL2 SOL_fishing capacity.xlsx;;;;;;
Calabria ionica_DTS;2018;5;NA;TotalKW;file MBL2 SOL_fishing capacity.xlsx;;;;;;
Calabria ionica_DTS;2018;6;NA;TotalKW;file MBL2 SOL_fishing capacity.xlsx;;;;;;
Calabria ionica_DTS;2018;7;NA;TotalKW;file MBL2 SOL_fishing capacity.xlsx;;;;;;
Calabria ionica_DTS;2018;8;NA;TotalKW;file MBL2 SOL_fishing capacity.xlsx;;;;;;
Calabria ionica_PGP;2005;10;NA;TotalKW;file MBL2 SOL_fishing capacity.xlsx;;;;;;
Calabria ionica_PGP;2005;11;NA;TotalKW;file MBL2 SOL_fishing capacity.xlsx;;;;;;
Calabria ionica_PGP;2005;12;NA;TotalKW;file MBL2 SOL_fishing capacity.xlsx;;;;;;
Calabria ionica_PGP;2013;1;NA;TotalKW;file MBL2 SOL_fishing capacity.xlsx;;;;;;
Calabria ionica_PGP;2013;10;NA;TotalKW;file MBL2 SOL_fishing capacity.xlsx;;;;;;
Calabria ionica_PGP;2013;11;NA;TotalKW;file MBL2 SOL_fishing capacity.xlsx;;;;;;
Calabria ionica_PGP;2013;12;NA;TotalKW;file MBL2 SOL_fishing capacity.xlsx;;;;;;
Calabria ionica_PGP;2013;3;NA;TotalKW;file MBL2 SOL_fishing capacity.xlsx;;;;;;
Calabria ionica_PGP;2013;4;NA;TotalKW;file MBL2 SOL_fishing capacity.xlsx;;;;;;
Calabria ionica_PGP;2013;5;NA;TotalKW;file MBL2 SOL_fishing capacity.xlsx;;;;;;
Calabria ionica_PGP;2013;6;NA;TotalKW;file MBL2 SOL_fishing capacity.xlsx;;;;;;
Calabria ionica_PGP;2013;7;NA;TotalKW;file MBL2 SOL_fishing capacity.xlsx;;;;;;
Calabria ionica_PGP;2013;8;NA;TotalKW;file MBL2 SOL_fishing capacity.xlsx;;;;;;
Calabria ionica_PGP;2013;9;NA;TotalKW;file MBL2 SOL_fishing capacity.xlsx;;;;;;
Calabria ionica_PGP;2014;1;NA;TotalKW;file MBL2 SOL_fishing capacity.xlsx;;;;;;
Calabria ionica_PGP;2014;10;NA;TotalKW;file MBL2 SOL_fishing capacity.xlsx;;;;;;
Calabria ionica_PGP;2014;3;NA;TotalKW;file MBL2 SOL_fishing capacity.xlsx;;;;;;
Calabria ionica_PGP;2014;6;NA;TotalKW;file MBL2 SOL_fishing capacity.xlsx;;;;;;
Calabria ionica_PGP;2014;7;NA;TotalKW;file MBL2 SOL_fishing capacity.xlsx;;;;;;
Calabria ionica_PGP;2014;8;NA;TotalKW;file MBL2 SOL_fishing capacity.xlsx;;;;;;
Calabria ionica_PGP;2014;9;NA;TotalKW;file MBL2 SOL_fishing capacity.xlsx;;;;;;
Calabria ionica_PGP;2015;1;NA;TotalKW;file MBL2 SOL_fishing capacity.xlsx;;;;;;
Calabria ionica_PGP;2015;10;NA;TotalKW;file MBL2 SOL_fishing capacity.xlsx;;;;;;
Calabria ionica_PGP;2015;11;NA;TotalKW;file MBL2 SOL_fishing capacity.xlsx;;;;;;
Calabria ionica_PGP;2015;12;NA;TotalKW;file MBL2 SOL_fishing capacity.xlsx;;;;;;
Calabria ionica_PGP;2015;2;NA;TotalKW;file MBL2 SOL_fishing capacity.xlsx;;;;;;
Calabria ionica_PGP;2015;3;NA;TotalKW;file MBL2 SOL_fishing capacity.xlsx;;;;;;
Calabria ionica_PGP;2015;5;NA;TotalKW;file MBL2 SOL_fishing capacity.xlsx;;;;;;
Calabria ionica_PGP;2015;6;NA;TotalKW;file MBL2 SOL_fishing capacity.xlsx;;;;;;
Calabria ionica_PGP;2015;7;NA;TotalKW;file MBL2 SOL_fishing capacity.xlsx;;;;;;
Calabria ionica_PGP;2015;8;NA;TotalKW;file MBL2 SOL_fishing capacity.xlsx;;;;;;
Calabria ionica_PGP;2015;9;NA;TotalKW;file MBL2 SOL_fishing capacity.xlsx;;;;;;
Calabria ionica_PGP;2016;1;NA;TotalKW;file MBL2 SOL_fishing capacity.xlsx;;;;;;
Calabria ionica_PGP;2016;10;NA;TotalKW;file MBL2 SOL_fishing capacity.xlsx;;;;;;
Calabria ionica_PGP;2016;11;NA;TotalKW;file MBL2 SOL_fishing capacity.xlsx;;;;;;
Calabria ionica_PGP;2016;12;NA;TotalKW;file MBL2 SOL_fishing capacity.xlsx;;;;;;
Calabria ionica_PGP;2016;2;NA;TotalKW;file MBL2 SOL_fishing capacity.xlsx;;;;;;
Calabria ionica_PGP;2016;3;NA;TotalKW;file MBL2 SOL_fishing capacity.xlsx;;;;;;
Calabria ionica_PGP;2016;4;NA;TotalKW;file MBL2 SOL_fishing capacity.xlsx;;;;;;
Calabria ionica_PGP;2016;5;NA;TotalKW;file MBL2 SOL_fishing capacity.xlsx;;;;;;
Calabria ionica_PGP;2016;6;NA;TotalKW;file MBL2 SOL_fishing capacity.xlsx;;;;;;
Calabria ionica_PGP;2016;7;NA;TotalKW;file MBL2 SOL_fishing capacity.xlsx;;;;;;
Calabria ionica_PGP;2016;8;NA;TotalKW;file MBL2 SOL_fishing capacity.xlsx;;;;;;
Calabria ionica_PGP;2016;9;NA;TotalKW;file MBL2 SOL_fishing capacity.xlsx;;;;;;
Calabria ionica_PGP;2017;1;NA;TotalKW;file MBL2 SOL_fishing capacity.xlsx;;;;;;
Calabria ionica_PGP;2017;10;NA;TotalKW;file MBL2 SOL_fishing capacity.xlsx;;;;;;
Calabria ionica_PGP;2017;11;NA;TotalKW;file MBL2 SOL_fishing capacity.xlsx;;;;;;
Calabria ionica_PGP;2017;12;NA;TotalKW;file MBL2 SOL_fishing capacity.xlsx;;;;;;
Calabria ionica_PGP;2017;2;NA;TotalKW;file MBL2 SOL_fishing capacity.xlsx;;;;;;
Calabria ionica_PGP;2017;3;NA;TotalKW;file MBL2 SOL_fishing capacity.xlsx;;;;;;
Calabria ionica_PGP;2017;4;NA;TotalKW;file MBL2 SOL_fishing capacity.xlsx;;;;;;
Calabria ionica_PGP;2017;5;NA;TotalKW;file MBL2 SOL_fishing capacity.xlsx;;;;;;
Calabria ionica_PGP;2017;6;NA;TotalKW;file MBL2 SOL_fishing capacity.xlsx;;;;;;
Calabria ionica_PGP;2017;7;NA;TotalKW;file MBL2 SOL_fishing capacity.xlsx;;;;;;
Calabria ionica_PGP;2017;8;NA;TotalKW;file MBL2 SOL_fishing capacity.xlsx;;;;;;
Calabria ionica_PGP;2017;9;NA;TotalKW;file MBL2 SOL_fishing capacity.xlsx;;;;;;
Calabria ionica_PGP;2018;1;NA;TotalKW;file MBL2 SOL_fishing capacity.xlsx;;;;;;
Calabria ionica_PGP;2018;10;NA;TotalKW;file MBL2 SOL_fishing capacity.xlsx;;;;;;
Calabria ionica_PGP;2018;11;NA;TotalKW;file MBL2 SOL_fishing capacity.xlsx;;;;;;
Calabria ionica_PGP;2018;12;NA;TotalKW;file MBL2 SOL_fishing capacity.xlsx;;;;;;
Calabria ionica_PGP;2018;2;NA;TotalKW;file MBL2 SOL_fishing capacity.xlsx;;;;;;
Calabria ionica_PGP;2018;3;NA;TotalKW;file MBL2 SOL_fishing capacity.xlsx;;;;;;
Calabria ionica_PGP;2018;4;NA;TotalKW;file MBL2 SOL_fishing capacity.xlsx;;;;;;
Calabria ionica_PGP;2018;5;NA;TotalKW;file MBL2 SOL_fishing capacity.xlsx;;;;;;
Calabria ionica_PGP;2018;6;NA;TotalKW;file MBL2 SOL_fishing capacity.xlsx;;;;;;
Calabria ionica_PGP;2018;7;NA;TotalKW;file MBL2 SOL_fishing capacity.xlsx;;;;;;
Calabria ionica_PGP;2018;8;NA;TotalKW;file MBL2 SOL_fishing capacity.xlsx;;;;;;
Calabria ionica_PGP;2018;9;NA;TotalKW;file MBL2 SOL_fishing capacity.xlsx;;;;;;
EmiliaRomagna_DRB;2017;6;NA;TotalKW;file MBL2 SOL_fishing capacity.xlsx;;;;;;
EmiliaRomagna_DRB;2018;10;NA;TotalKW;file MBL2 SOL_fishing capacity.xlsx;;;;;;
EmiliaRomagna_DRB;2018;11;NA;TotalKW;file MBL2 SOL_fishing capacity.xlsx;;;;;;
EmiliaRomagna_DRB;2018;6;NA;TotalKW;file MBL2 SOL_fishing capacity.xlsx;;;;;;
EmiliaRomagna_DRB;2018;9;NA;TotalKW;file MBL2 SOL_fishing capacity.xlsx;;;;;;
EmiliaRomagna_DTS;2005;0;26871.03;TotalKW;file MBL2 SOL_fishing capacity.xlsx;;;;;;
EmiliaRomagna_DTS;2006;0;29463.24;TotalKW;file MBL2 SOL_fishing capacity.xlsx;;;;;;
EmiliaRomagna_DTS;2007;0;30116.37;TotalKW;file MBL2 SOL_fishing capacity.xlsx;;;;;;
EmiliaRomagna_DTS;2008;0;29428.77;TotalKW;file MBL2 SOL_fishing capacity.xlsx;;;;;;
EmiliaRomagna_DTS;2009;0;29593.1;TotalKW;file MBL2 SOL_fishing capacity.xlsx;;;;;;
EmiliaRomagna_DTS;2010;0;28817.3;TotalKW;file MBL2 SOL_fishing capacity.xlsx;;;;;;
EmiliaRomagna_DTS;2011;0;32614.13;TotalKW;file MBL2 SOL_fishing capacity.xlsx;;;;;;
EmiliaRomagna_DTS;2012;0;32026.95;TotalKW;file MBL2 SOL_fishing capacity.xlsx;;;;;;
EmiliaRomagna_DTS;2013;0;33050.91;TotalKW;file MBL2 SOL_fishing capacity.xlsx;;;;;;
EmiliaRomagna_DTS;2014;0;26241.34;TotalKW;file MBL2 SOL_fishing capacity.xlsx;;;;;;
EmiliaRomagna_DTS;2015;0;25406.9;TotalKW;file MBL2 SOL_fishing capacity.xlsx;;;;;;
EmiliaRomagna_DTS;2016;0;25429.08;TotalKW;file MBL2 SOL_fishing capacity.xlsx;;;;;;
EmiliaRomagna_DTS;2017;0;25969.12;TotalKW;file MBL2 SOL_fishing capacity.xlsx;;;;;;
EmiliaRomagna_DTS;2018;0;25611.87;TotalKW;file MBL2 SOL_fishing capacity.xlsx;;;;;;
EmiliaRomagna_PGP;2005;0;24671.5;TotalKW;file MBL2 SOL_fishing capacity.xlsx;;;;;;
EmiliaRomagna_PGP;2006;0;23482.62;TotalKW;file MBL2 SOL_fishing capacity.xlsx;;;;;;
EmiliaRomagna_PGP;2007;0;22459.6;TotalKW;file MBL2 SOL_fishing capacity.xlsx;;;;;;
EmiliaRomagna_PGP;2008;0;17239.15;TotalKW;file MBL2 SOL_fishing capacity.xlsx;;;;;;
EmiliaRomagna_PGP;2009;0;18087.39;TotalKW;file MBL2 SOL_fishing capacity.xlsx;;;;;;
EmiliaRomagna_PGP;2010;0;18429.2;TotalKW;file MBL2 SOL_fishing capacity.xlsx;;;;;;
EmiliaRomagna_PGP;2011;0;22847.96;TotalKW;file MBL2 SOL_fishing capacity.xlsx;;;;;;
EmiliaRomagna_PGP;2012;0;21708.59;TotalKW;file MBL2 SOL_fishing capacity.xlsx;;;;;;
EmiliaRomagna_PGP;2013;0;21341.37;TotalKW;file MBL2 SOL_fishing capacity.xlsx;;;;;;
EmiliaRomagna_PGP;2014;0;20204.54;TotalKW;file MBL2 SOL_fishing capacity.xlsx;;;;;;
EmiliaRomagna_PGP;2015;0;19049.36;TotalKW;file MBL2 SOL_fishing capacity.xlsx;;;;;;
EmiliaRomagna_PGP;2016;0;18892.19;TotalKW;file MBL2 SOL_fishing capacity.xlsx;;;;;;
EmiliaRomagna_PGP;2017;0;18630.1;TotalKW;file MBL2 SOL_fishing capacity.xlsx;;;;;;
EmiliaRomagna_PGP;2018;0;17631.07;TotalKW;file MBL2 SOL_fishing capacity.xlsx;;;;;;
EmiliaRomagna_TBB;2005;0;4935.97;TotalKW;file MBL2 SOL_fishing capacity.xlsx;;;;;;
EmiliaRomagna_TBB;2006;0;4448.97;TotalKW;file MBL2 SOL_fishing capacity.xlsx;;;;;;
EmiliaRomagna_TBB;2007;0;2780.17;TotalKW;file MBL2 SOL_fishing capacity.xlsx;;;;;;
EmiliaRomagna_TBB;2008;0;2780.1;TotalKW;file MBL2 SOL_fishing capacity.xlsx;;;;;;
EmiliaRomagna_TBB;2009;0;2597.2;TotalKW;file MBL2 SOL_fishing capacity.xlsx;;;;;;
EmiliaRomagna_TBB;2010;0;2347.2;TotalKW;file MBL2 SOL_fishing capacity.xlsx;;;;;;
EmiliaRomagna_TBB;2011;0;1996;TotalKW;file MBL2 SOL_fishing capacity.xlsx;;;;;;
EmiliaRomagna_TBB;2012;0;1658;TotalKW;file MBL2 SOL_fishing capacity.xlsx;;;;;;
EmiliaRomagna_TBB;2013;0;1658;TotalKW;file MBL2 SOL_fishing capacity.xlsx;;;;;;
EmiliaRomagna_TBB;2014;0;1209;TotalKW;file MBL2 SOL_fishing capacity.xlsx;;;;;;
EmiliaRomagna_TBB;2015;0;3835;TotalKW;file MBL2 SOL_fishing capacity.xlsx;;;;;;
EmiliaRomagna_TBB;2016;0;3835;TotalKW;file MBL2 SOL_fishing capacity.xlsx;;;;;;
EmiliaRomagna_TBB;2017;0;3835;TotalKW;file MBL2 SOL_fishing capacity.xlsx;;;;;;
EmiliaRomagna_TBB;2018;0;4139.6;TotalKW;file MBL2 SOL_fishing capacity.xlsx;;;;;;
EmiliaRomagna_TM;2005;10;NA;TotalKW;file MBL2 SOL_fishing capacity.xlsx;;;;;;10
EmiliaRomagna_TM;2005;11;NA;TotalKW;file MBL2 SOL_fishing capacity.xlsx;;;;;;
EmiliaRomagna_TM;2012;10;NA;TotalKW;file MBL2 SOL_fishing capacity.xlsx;;;;;;
EmiliaRomagna_TM;2013;1;NA;TotalKW;file MBL2 SOL_fishing capacity.xlsx;;;;;;
EmiliaRomagna_TM;2014;1;NA;TotalKW;file MBL2 SOL_fishing capacity.xlsx;;;;;;
EmiliaRomagna_TM;2014;10;NA;TotalKW;file MBL2 SOL_fishing capacity.xlsx;;;;;;
EmiliaRomagna_TM;2014;11;NA;TotalKW;file MBL2 SOL_fishing capacity.xlsx;;;;;;
EmiliaRomagna_TM;2014;12;NA;TotalKW;file MBL2 SOL_fishing capacity.xlsx;;;;;;
EmiliaRomagna_TM;2014;5;NA;TotalKW;file MBL2 SOL_fishing capacity.xlsx;;;;;;
EmiliaRomagna_TM;2014;6;NA;TotalKW;file MBL2 SOL_fishing capacity.xlsx;;;;;;
EmiliaRomagna_TM;2014;9;NA;TotalKW;file MBL2 SOL_fishing capacity.xlsx;;;;;;
EmiliaRomagna_TM;2015;1;NA;TotalKW;file MBL2 SOL_fishing capacity.xlsx;;;;;;
EmiliaRomagna_TM;2015;11;NA;TotalKW;file MBL2 SOL_fishing capacity.xlsx;;;;;;
EmiliaRomagna_TM;2015;12;NA;TotalKW;file MBL2 SOL_fishing capacity.xlsx;;;;;;
EmiliaRomagna_TM;2016;1;NA;TotalKW;file MBL2 SOL_fishing capacity.xlsx;;;;;;
EmiliaRomagna_TM;2016;7;NA;TotalKW;file MBL2 SOL_fishing capacity.xlsx;;;;;;
EmiliaRomagna_TM;2016;9;NA;TotalKW;file MBL2 SOL_fishing capacity.xlsx;;;;;;
EmiliaRomagna_TM;2018;1;NA;TotalKW;file MBL2 SOL_fishing capacity.xlsx;;;;;;
EmiliaRomagna_TM;2018;10;NA;TotalKW;file MBL2 SOL_fishing capacity.xlsx;;;;;;
EmiliaRomagna_TM;2018;11;NA;TotalKW;file MBL2 SOL_fishing capacity.xlsx;;;;;;
EmiliaRomagna_TM;2018;12;NA;TotalKW;file MBL2 SOL_fishing capacity.xlsx;;;;;;
EmiliaRomagna_TM;2018;6;NA;TotalKW;file MBL2 SOL_fishing capacity.xlsx;;;;;;
EmiliaRomagna_TM;2018;8;NA;TotalKW;file MBL2 SOL_fishing capacity.xlsx;;;;;;
EmiliaRomagna_TM;2018;9;NA;TotalKW;file MBL2 SOL_fishing capacity.xlsx;;;;;;
FriuliVenezia Giulia_DRB;2017;7;NA;TotalKW;file MBL2 SOL_fishing capacity.xlsx;;;;;;
FriuliVenezia Giulia_DRB;2017;8;NA;TotalKW;file MBL2 SOL_fishing capacity.xlsx;;;;;;
FriuliVenezia Giulia_DRB;2018;12;NA;TotalKW;file MBL2 SOL_fishing capacity.xlsx;;;;;;
FriuliVenezia Giulia_DRB;2018;4;NA;TotalKW;file MBL2 SOL_fishing capacity.xlsx;;;;;;
FriuliVenezia Giulia_DRB;2018;5;NA;TotalKW;file MBL2 SOL_fishing capacity.xlsx;;;;;;
FriuliVenezia Giulia_DRB;2018;7;NA;TotalKW;file MBL2 SOL_fishing capacity.xlsx;;;;;;
FriuliVeneziaGiulia_DTS;2005;0;4844.84;TotalKW;file MBL2 SOL_fishing capacity.xlsx;;;;;;
FriuliVeneziaGiulia_DTS;2006;0;6226.99;TotalKW;file MBL2 SOL_fishing capacity.xlsx;;;;;;
FriuliVeneziaGiulia_DTS;2007;0;5532.14;TotalKW;file MBL2 SOL_fishing capacity.xlsx;;;;;;
FriuliVeneziaGiulia_DTS;2008;0;5532.14;TotalKW;file MBL2 SOL_fishing capacity.xlsx;;;;;;
FriuliVeneziaGiulia_DTS;2009;0;5358.64;TotalKW;file MBL2 SOL_fishing capacity.xlsx;;;;;;
FriuliVeneziaGiulia_DTS;2010;0;5358.67;TotalKW;file MBL2 SOL_fishing capacity.xlsx;;;;;;
FriuliVeneziaGiulia_DTS;2011;0;5105.73;TotalKW;file MBL2 SOL_fishing capacity.xlsx;;;;;;
FriuliVeneziaGiulia_DTS;2012;0;4162.28;TotalKW;file MBL2 SOL_fishing capacity.xlsx;;;;;;
FriuliVeneziaGiulia_DTS;2013;0;3884.23;TotalKW;file MBL2 SOL_fishing capacity.xlsx;;;;;;
FriuliVeneziaGiulia_DTS;2014;0;3369.43;TotalKW;file MBL2 SOL_fishing capacity.xlsx;;;;;;
FriuliVeneziaGiulia_DTS;2015;0;2857.11;TotalKW;file MBL2 SOL_fishing capacity.xlsx;;;;;;
FriuliVeneziaGiulia_DTS;2016;0;2919.37;TotalKW;file MBL2 SOL_fishing capacity.xlsx;;;;;;
FriuliVeneziaGiulia_DTS;2017;0;3143.81;TotalKW;file MBL2 SOL_fishing capacity.xlsx;;;;;;
FriuliVeneziaGiulia_DTS;2018;0;3138.01;TotalKW;file MBL2 SOL_fishing capacity.xlsx;;;;;;
FriuliVeneziaGiulia_PGP;2005;0;12671.49;TotalKW;file MBL2 SOL_fishing capacity.xlsx;;;;;;
FriuliVeneziaGiulia_PGP;2006;0;12685;TotalKW;file MBL2 SOL_fishing capacity.xlsx;;;;;;
FriuliVeneziaGiulia_PGP;2007;0;12460.74;TotalKW;file MBL2 SOL_fishing capacity.xlsx;;;;;;
FriuliVeneziaGiulia_PGP;2008;0;12406.36;TotalKW;file MBL2 SOL_fishing capacity.xlsx;;;;;;
FriuliVeneziaGiulia_PGP;2009;0;12318.86;TotalKW;file MBL2 SOL_fishing capacity.xlsx;;;;;;
FriuliVeneziaGiulia_PGP;2010;0;12285.16;TotalKW;file MBL2 SOL_fishing capacity.xlsx;;;;;;
FriuliVeneziaGiulia_PGP;2011;0;11855.99;TotalKW;file MBL2 SOL_fishing capacity.xlsx;;;;;;
FriuliVeneziaGiulia_PGP;2012;0;11660.16;TotalKW;file MBL2 SOL_fishing capacity.xlsx;;;;;;
FriuliVeneziaGiulia_PGP;2013;0;11937.43;TotalKW;file MBL2 SOL_fishing capacity.xlsx;;;;;;
FriuliVeneziaGiulia_PGP;2014;0;11684.9;TotalKW;file MBL2 SOL_fishing capacity.xlsx;;;;;;
FriuliVeneziaGiulia_PGP;2015;0;11461.21;TotalKW;file MBL2 SOL_fishing capacity.xlsx;;;;;;
FriuliVeneziaGiulia_PGP;2016;0;11414.4;TotalKW;file MBL2 SOL_fishing capacity.xlsx;;;;;;
FriuliVeneziaGiulia_PGP;2017;0;11410.7;TotalKW;file MBL2 SOL_fishing capacity.xlsx;;;;;;
FriuliVeneziaGiulia_PGP;2018;0;11900.1;TotalKW;file MBL2 SOL_fishing capacity.xlsx;;;;;;
FriuliVeneziaGiulia_PS;2015;4;NA;TotalKW;;;;;;;
FriuliVeneziaGiulia_PS;2015;6;NA;TotalKW;;;;;;;
FriuliVeneziaGiulia_PS;2015;9;NA;TotalKW;;;;;;;
FriuliVeneziaGiulia_PS;2017;6;NA;TotalKW;;;;;;;
FriuliVeneziaGiulia_PS;2018;1;NA;TotalKW;;;;;;;
FriuliVeneziaGiulia_PS;2018;11;NA;TotalKW;;;;;;;
FriuliVeneziaGiulia_PS;2018;12;NA;TotalKW;;;;;;;
FriuliVeneziaGiulia_PS;2018;2;NA;TotalKW;;;;;;;
FriuliVeneziaGiulia_PS;2018;3;NA;TotalKW;;;;;;;
FriuliVeneziaGiulia_TBB;2005;0;2525.58;TotalKW;file MBL2 SOL_fishing capacity.xlsx;;;;;;
FriuliVeneziaGiulia_TBB;2006;0;2819.58;TotalKW;file MBL2 SOL_fishing capacity.xlsx;;;;;;
FriuliVeneziaGiulia_TBB;2007;0;2813;TotalKW;file MBL2 SOL_fishing capacity.xlsx;;;;;;
FriuliVeneziaGiulia_TBB;2008;0;2811.88;TotalKW;file MBL2 SOL_fishing capacity.xlsx;;;;;;
FriuliVeneziaGiulia_TBB;2009;0;2811.88;TotalKW;file MBL2 SOL_fishing capacity.xlsx;;;;;;
FriuliVeneziaGiulia_TBB;2010;0;2811.71;TotalKW;file MBL2 SOL_fishing capacity.xlsx;;;;;;
FriuliVeneziaGiulia_TBB;2011;0;2674.75;TotalKW;file MBL2 SOL_fishing capacity.xlsx;;;;;;
FriuliVeneziaGiulia_TBB;2012;0;2332.75;TotalKW;file MBL2 SOL_fishing capacity.xlsx;;;;;;
FriuliVeneziaGiulia_TBB;2013;0;2332.75;TotalKW;file MBL2 SOL_fishing capacity.xlsx;;;;;;
FriuliVeneziaGiulia_TBB;2014;0;1327;TotalKW;file MBL2 SOL_fishing capacity.xlsx;;;;;;
FriuliVeneziaGiulia_TBB;2015;0;1493.8;TotalKW;file MBL2 SOL_fishing capacity.xlsx;;;;;;
FriuliVeneziaGiulia_TBB;2016;0;1493.8;TotalKW;file MBL2 SOL_fishing capacity.xlsx;;;;;;
FriuliVeneziaGiulia_TBB;2017;0;1493.8;TotalKW;file MBL2 SOL_fishing capacity.xlsx;;;;;;
FriuliVeneziaGiulia_TBB;2018;0;986.8;TotalKW;file MBL2 SOL_fishing capacity.xlsx;;;;;;
FriuliVeneziaGiulia_TM;2005;10;NA;TotalKW;;;;;;;
FriuliVeneziaGiulia_TM;2005;11;NA;TotalKW;;;;;;;
FriuliVeneziaGiulia_TM;2005;5;NA;TotalKW;;;;;;;
FriuliVeneziaGiulia_TM;2012;10;NA;TotalKW;;;;;;;
FriuliVeneziaGiulia_TM;2012;11;NA;TotalKW;;;;;;;
FriuliVeneziaGiulia_TM;2012;12;NA;TotalKW;;;;;;;
FriuliVeneziaGiulia_TM;2012;8;NA;TotalKW;;;;;;;
FriuliVeneziaGiulia_TM;2013;1;NA;TotalKW;;;;;;;
FriuliVeneziaGiulia_TM;2013;10;NA;TotalKW;;;;;;;
FriuliVeneziaGiulia_TM;2013;11;NA;TotalKW;;;;;;;
FriuliVeneziaGiulia_TM;2013;12;NA;TotalKW;;;;;;;
FriuliVeneziaGiulia_TM;2013;6;NA;TotalKW;;;;;;;
FriuliVeneziaGiulia_TM;2013;9;NA;TotalKW;;;;;;;
FriuliVeneziaGiulia_TM;2014;1;NA;TotalKW;;;;;;;
FriuliVeneziaGiulia_TM;2014;10;NA;TotalKW;;;;;;;
FriuliVeneziaGiulia_TM;2014;11;NA;TotalKW;;;;;;;
FriuliVeneziaGiulia_TM;2014;12;NA;TotalKW;;;;;;;
FriuliVeneziaGiulia_TM;2014;2;NA;TotalKW;;;;;;;
FriuliVeneziaGiulia_TM;2014;3;NA;TotalKW;;;;;;;
FriuliVeneziaGiulia_TM;2014;4;NA;TotalKW;;;;;;;
FriuliVeneziaGiulia_TM;2014;5;NA;TotalKW;;;;;;;
FriuliVeneziaGiulia_TM;2014;6;NA;TotalKW;;;;;;;
FriuliVeneziaGiulia_TM;2014;7;NA;TotalKW;;;;;;;
FriuliVeneziaGiulia_TM;2014;9;NA;TotalKW;;;;;;;
FriuliVeneziaGiulia_TM;2015;1;NA;TotalKW;;;;;;;
FriuliVeneziaGiulia_TM;2015;10;NA;TotalKW;;;;;;;
FriuliVeneziaGiulia_TM;2015;11;NA;TotalKW;;;;;;;
FriuliVeneziaGiulia_TM;2015;12;NA;TotalKW;;;;;;;
FriuliVeneziaGiulia_TM;2015;2;NA;TotalKW;;;;;;;
FriuliVeneziaGiulia_TM;2015;3;NA;TotalKW;;;;;;;
FriuliVeneziaGiulia_TM;2015;4;NA;TotalKW;;;;;;;
FriuliVeneziaGiulia_TM;2015;5;NA;TotalKW;;;;;;;
FriuliVeneziaGiulia_TM;2015;6;NA;TotalKW;;;;;;;
FriuliVeneziaGiulia_TM;2015;7;NA;TotalKW;;;;;;;
FriuliVeneziaGiulia_TM;2015;9;NA;TotalKW;;;;;;;
FriuliVeneziaGiulia_TM;2016;1;NA;TotalKW;;;;;;;
FriuliVeneziaGiulia_TM;2016;10;NA;TotalKW;;;;;;;
FriuliVeneziaGiulia_TM;2016;11;NA;TotalKW;;;;;;;
FriuliVeneziaGiulia_TM;2016;12;NA;TotalKW;;;;;;;
FriuliVeneziaGiulia_TM;2016;2;NA;TotalKW;;;;;;;
FriuliVeneziaGiulia_TM;2016;3;NA;TotalKW;;;;;;;
FriuliVeneziaGiulia_TM;2016;4;NA;TotalKW;;;;;;;
FriuliVeneziaGiulia_TM;2016;5;NA;TotalKW;;;;;;;
FriuliVeneziaGiulia_TM;2016;6;NA;TotalKW;;;;;;;
FriuliVeneziaGiulia_TM;2016;7;NA;TotalKW;;;;;;;
FriuliVeneziaGiulia_TM;2016;9;NA;TotalKW;;;;;;;
Marche_DRB;2017;4;NA;TotalKW;;;;;;;
Marche_DRB;2018;1;NA;TotalKW;;;;;;;
Marche_DRB;2018;3;NA;TotalKW;;;;;;;
Marche_DRB;2018;4;NA;TotalKW;;;;;;;
Marche_DTS;2005;0;51142.12;TotalKW;file MBL2 SOL_fishing capacity.xlsx;;;;;;
Marche_DTS;2006;0;43972.05;TotalKW;file MBL2 SOL_fishing capacity.xlsx;;;;;;
Marche_DTS;2007;0;40453.37;TotalKW;file MBL2 SOL_fishing capacity.xlsx;;;;;;
Marche_DTS;2008;0;40125.97;TotalKW;file MBL2 SOL_fishing capacity.xlsx;;;;;;
Marche_DTS;2009;0;39798.45;TotalKW;file MBL2 SOL_fishing capacity.xlsx;;;;;;
Marche_DTS;2010;0;40848.45;TotalKW;file MBL2 SOL_fishing capacity.xlsx;;;;;;
Marche_DTS;2011;0;36117.14;TotalKW;file MBL2 SOL_fishing capacity.xlsx;;;;;;
Marche_DTS;2012;0;37647.06;TotalKW;file MBL2 SOL_fishing capacity.xlsx;;;;;;
Marche_DTS;2013;0;36603.24;TotalKW;file MBL2 SOL_fishing capacity.xlsx;;;;;;
Marche_DTS;2014;0;31171.68;TotalKW;file MBL2 SOL_fishing capacity.xlsx;;;;;;
Marche_DTS;2015;0;35024.76;TotalKW;file MBL2 SOL_fishing capacity.xlsx;;;;;;
Marche_DTS;2016;0;34862.45;TotalKW;file MBL2 SOL_fishing capacity.xlsx;;;;;;
Marche_DTS;2017;0;38553.22;TotalKW;file MBL2 SOL_fishing capacity.xlsx;;;;;;
Marche_DTS;2018;0;31654.42;TotalKW;file MBL2 SOL_fishing capacity.xlsx;;;;;;
Marche_PGP;2005;0;15548.09;TotalKW;file MBL2 SOL_fishing capacity.xlsx;;;;;;
Marche_PGP;2006;0;15339.39;TotalKW;file MBL2 SOL_fishing capacity.xlsx;;;;;;
Marche_PGP;2007;0;14990.27;TotalKW;file MBL2 SOL_fishing capacity.xlsx;;;;;;
Marche_PGP;2008;0;16093.23;TotalKW;file MBL2 SOL_fishing capacity.xlsx;;;;;;
Marche_PGP;2009;0;15501.41;TotalKW;file MBL2 SOL_fishing capacity.xlsx;;;;;;
Marche_PGP;2010;0;15231.55;TotalKW;file MBL2 SOL_fishing capacity.xlsx;;;;;;
Marche_PGP;2011;0;14767.82;TotalKW;file MBL2 SOL_fishing capacity.xlsx;;;;;;
Marche_PGP;2012;0;13061.65;TotalKW;file MBL2 SOL_fishing capacity.xlsx;;;;;;
Marche_PGP;2013;0;13267.91;TotalKW;file MBL2 SOL_fishing capacity.xlsx;;;;;;
Marche_PGP;2014;0;12081.91;TotalKW;file MBL2 SOL_fishing capacity.xlsx;;;;;;
Marche_PGP;2015;0;11933.56;TotalKW;file MBL2 SOL_fishing capacity.xlsx;;;;;;
Marche_PGP;2016;0;11736.38;TotalKW;file MBL2 SOL_fishing capacity.xlsx;;;;;;
Marche_PGP;2017;0;7060.05;TotalKW;file MBL2 SOL_fishing capacity.xlsx;;;;;;
Marche_PGP;2018;0;12150.61;TotalKW;file MBL2 SOL_fishing capacity.xlsx;;;;;;
Marche_TBB;2005;0;5225.9;TotalKW;file MBL2 SOL_fishing capacity.xlsx;;;;;;
Marche_TBB;2006;0;4228.33;TotalKW;file MBL2 SOL_fishing capacity.xlsx;;;;;;
Marche_TBB;2007;0;4228.33;TotalKW;file MBL2 SOL_fishing capacity.xlsx;;;;;;
Marche_TBB;2008;0;5076.8;TotalKW;file MBL2 SOL_fishing capacity.xlsx;;;;;;
Marche_TBB;2009;0;5760.33;TotalKW;file MBL2 SOL_fishing capacity.xlsx;;;;;;
Marche_TBB;2010;0;5059.33;TotalKW;file MBL2 SOL_fishing capacity.xlsx;;;;;;
Marche_TBB;2011;0;4835.33;TotalKW;file MBL2 SOL_fishing capacity.xlsx;;;;;;
Marche_TBB;2012;0;4835.33;TotalKW;file MBL2 SOL_fishing capacity.xlsx;;;;;;
Marche_TBB;2013;0;4835.33;TotalKW;file MBL2 SOL_fishing capacity.xlsx;;;;;;
Marche_TBB;2014;0;3971;TotalKW;file MBL2 SOL_fishing capacity.xlsx;;;;;;
Marche_TBB;2015;0;4062.8;TotalKW;file MBL2 SOL_fishing capacity.xlsx;;;;;;
Marche_TBB;2016;0;4062.8;TotalKW;file MBL2 SOL_fishing capacity.xlsx;;;;;;
Marche_TBB;2017;0;4085.8;TotalKW;file MBL2 SOL_fishing capacity.xlsx;;;;;;
Marche_TBB;2018;0;7025.88;TotalKW;file MBL2 SOL_fishing capacity.xlsx;;;;;;
Marche_TM;2005;3;NA;TotalKW;;;;;;;
Marche_TM;2005;4;NA;TotalKW;;;;;;;
Marche_TM;2015;11;NA;TotalKW;;;;;;;
Marche_TM;2015;12;NA;TotalKW;;;;;;;
Marche_TM;2018;10;NA;TotalKW;;;;;;;
Molise_DTS;2005;0;7691.5;TotalKW;file MBL2 SOL_fishing capacity.xlsx;;;;;;
Molise_DTS;2006;0;6926.5;TotalKW;file MBL2 SOL_fishing capacity.xlsx;;;;;;
Molise_DTS;2007;0;8044.72;TotalKW;file MBL2 SOL_fishing capacity.xlsx;;;;;;
Molise_DTS;2008;0;8316.19;TotalKW;file MBL2 SOL_fishing capacity.xlsx;;;;;;
Molise_DTS;2009;0;8256.99;TotalKW;file MBL2 SOL_fishing capacity.xlsx;;;;;;
Molise_DTS;2010;0;8170.99;TotalKW;file MBL2 SOL_fishing capacity.xlsx;;;;;;
Molise_DTS;2011;0;7864.29;TotalKW;file MBL2 SOL_fishing capacity.xlsx;;;;;;
Molise_DTS;2012;0;7864.29;TotalKW;file MBL2 SOL_fishing capacity.xlsx;;;;;;
Molise_DTS;2013;0;7632.69;TotalKW;file MBL2 SOL_fishing capacity.xlsx;;;;;;
Molise_DTS;2014;0;6538.69;TotalKW;file MBL2 SOL_fishing capacity.xlsx;;;;;;
Molise_DTS;2015;0;8015.62;TotalKW;file MBL2 SOL_fishing capacity.xlsx;;;;;;
Molise_DTS;2016;0;8576.17;TotalKW;file MBL2 SOL_fishing capacity.xlsx;;;;;;
Molise_DTS;2017;0;6584.44;TotalKW;file MBL2 SOL_fishing capacity.xlsx;;;;;;
Molise_DTS;2018;0;6822.87;TotalKW;file MBL2 SOL_fishing capacity.xlsx;;;;;;
Puglia adriatica_DTS;2005;1;NA;TotalKW;file MBL2 SOL_fishing capacity.xlsx;;;;;;
Puglia adriatica_DTS;2005;10;NA;TotalKW;file MBL2 SOL_fishing capacity.xlsx;;;;;;
Puglia adriatica_DTS;2005;12;NA;TotalKW;file MBL2 SOL_fishing capacity.xlsx;;;;;;
Puglia adriatica_DTS;2005;2;NA;TotalKW;file MBL2 SOL_fishing capacity.xlsx;;;;;;
Puglia adriatica_DTS;2005;3;NA;TotalKW;file MBL2 SOL_fishing capacity.xlsx;;;;;;
Puglia adriatica_DTS;2005;4;NA;TotalKW;file MBL2 SOL_fishing capacity.xlsx;;;;;;
Puglia adriatica_DTS;2005;5;NA;TotalKW;file MBL2 SOL_fishing capacity.xlsx;;;;;;
Puglia adriatica_DTS;2005;6;NA;TotalKW;file MBL2 SOL_fishing capacity.xlsx;;;;;;
Puglia adriatica_DTS;2005;7;NA;TotalKW;file MBL2 SOL_fishing capacity.xlsx;;;;;;
Puglia adriatica_DTS;2005;8;NA;TotalKW;file MBL2 SOL_fishing capacity.xlsx;;;;;;
Puglia adriatica_DTS;2005;9;NA;TotalKW;file MBL2 SOL_fishing capacity.xlsx;;;;;;
Puglia adriatica_DTS;2006;1;NA;TotalKW;file MBL2 SOL_fishing capacity.xlsx;;;;;;
Puglia adriatica_DTS;2006;10;NA;TotalKW;file MBL2 SOL_fishing capacity.xlsx;;;;;;
Puglia adriatica_DTS;2006;12;NA;TotalKW;file MBL2 SOL_fishing capacity.xlsx;;;;;;
Puglia adriatica_DTS;2006;3;NA;TotalKW;file MBL2 SOL_fishing capacity.xlsx;;;;;;
Puglia adriatica_DTS;2006;4;NA;TotalKW;file MBL2 SOL_fishing capacity.xlsx;;;;;;
Puglia adriatica_DTS;2006;5;NA;TotalKW;file MBL2 SOL_fishing capacity.xlsx;;;;;;
Puglia adriatica_DTS;2006;6;NA;TotalKW;file MBL2 SOL_fishing capacity.xlsx;;;;;;
Puglia adriatica_DTS;2006;7;NA;TotalKW;file MBL2 SOL_fishing capacity.xlsx;;;;;;
Puglia adriatica_DTS;2006;8;NA;TotalKW;file MBL2 SOL_fishing capacity.xlsx;;;;;;
Puglia adriatica_DTS;2006;9;NA;TotalKW;file MBL2 SOL_fishing capacity.xlsx;;;;;;
Puglia adriatica_DTS;2007;1;NA;TotalKW;file MBL2 SOL_fishing capacity.xlsx;;;;;;
Puglia adriatica_DTS;2007;10;NA;TotalKW;file MBL2 SOL_fishing capacity.xlsx;;;;;;
Puglia adriatica_DTS;2007;11;NA;TotalKW;file MBL2 SOL_fishing capacity.xlsx;;;;;;
Puglia adriatica_DTS;2007;12;NA;TotalKW;file MBL2 SOL_fishing capacity.xlsx;;;;;;
Puglia adriatica_DTS;2007;2;NA;TotalKW;file MBL2 SOL_fishing capacity.xlsx;;;;;;
Puglia adriatica_DTS;2007;3;NA;TotalKW;file MBL2 SOL_fishing capacity.xlsx;;;;;;
Puglia adriatica_DTS;2007;4;NA;TotalKW;file MBL2 SOL_fishing capacity.xlsx;;;;;;
Puglia adriatica_DTS;2007;5;NA;TotalKW;file MBL2 SOL_fishing capacity.xlsx;;;;;;
Puglia adriatica_DTS;2007;6;NA;TotalKW;file MBL2 SOL_fishing capacity.xlsx;;;;;;
Puglia adriatica_DTS;2007;7;NA;TotalKW;file MBL2 SOL_fishing capacity.xlsx;;;;;;
Puglia adriatica_DTS;2007;8;NA;TotalKW;file MBL2 SOL_fishing capacity.xlsx;;;;;;
Puglia adriatica_DTS;2007;9;NA;TotalKW;file MBL2 SOL_fishing capacity.xlsx;;;;;;
Puglia adriatica_DTS;2008;1;NA;TotalKW;file MBL2 SOL_fishing capacity.xlsx;;;;;;
Puglia adriatica_DTS;2008;3;NA;TotalKW;file MBL2 SOL_fishing capacity.xlsx;;;;;;
Puglia adriatica_DTS;2008;4;NA;TotalKW;file MBL2 SOL_fishing capacity.xlsx;;;;;;
Puglia adriatica_DTS;2008;5;NA;TotalKW;file MBL2 SOL_fishing capacity.xlsx;;;;;;
Puglia adriatica_DTS;2008;6;NA;TotalKW;file MBL2 SOL_fishing capacity.xlsx;;;;;;
Puglia adriatica_DTS;2008;7;NA;TotalKW;file MBL2 SOL_fishing capacity.xlsx;;;;;;
Puglia adriatica_DTS;2008;8;NA;TotalKW;file MBL2 SOL_fishing capacity.xlsx;;;;;;
Puglia adriatica_DTS;2009;11;NA;TotalKW;file MBL2 SOL_fishing capacity.xlsx;;;;;;
Puglia adriatica_DTS;2009;2;NA;TotalKW;file MBL2 SOL_fishing capacity.xlsx;;;;;;
Puglia adriatica_DTS;2009;3;NA;TotalKW;file MBL2 SOL_fishing capacity.xlsx;;;;;;
Puglia adriatica_DTS;2009;4;NA;TotalKW;file MBL2 SOL_fishing capacity.xlsx;;;;;;
Puglia adriatica_DTS;2009;8;NA;TotalKW;file MBL2 SOL_fishing capacity.xlsx;;;;;;
Puglia adriatica_DTS;2009;9;NA;TotalKW;file MBL2 SOL_fishing capacity.xlsx;;;;;;
Puglia adriatica_DTS;2010;10;NA;TotalKW;file MBL2 SOL_fishing capacity.xlsx;;;;;;
Puglia adriatica_DTS;2010;6;NA;TotalKW;file MBL2 SOL_fishing capacity.xlsx;;;;;;
Puglia adriatica_DTS;2010;7;NA;TotalKW;file MBL2 SOL_fishing capacity.xlsx;;;;;;
Puglia adriatica_DTS;2010;8;NA;TotalKW;file MBL2 SOL_fishing capacity.xlsx;;;;;;
Puglia adriatica_DTS;2010;9;NA;TotalKW;file MBL2 SOL_fishing capacity.xlsx;;;;;;
Puglia adriatica_DTS;2011;1;NA;TotalKW;file MBL2 SOL_fishing capacity.xlsx;;;;;;
Puglia adriatica_DTS;2011;11;NA;TotalKW;file MBL2 SOL_fishing capacity.xlsx;;;;;;
Puglia adriatica_DTS;2011;12;NA;TotalKW;file MBL2 SOL_fishing capacity.xlsx;;;;;;
Puglia adriatica_DTS;2011;2;NA;TotalKW;file MBL2 SOL_fishing capacity.xlsx;;;;;;
Puglia adriatica_DTS;2011;3;NA;TotalKW;file MBL2 SOL_fishing capacity.xlsx;;;;;;
Puglia adriatica_DTS;2011;5;NA;TotalKW;file MBL2 SOL_fishing capacity.xlsx;;;;;;
Puglia adriatica_DTS;2011;6;NA;TotalKW;file MBL2 SOL_fishing capacity.xlsx;;;;;;
Puglia adriatica_DTS;2011;7;NA;TotalKW;file MBL2 SOL_fishing capacity.xlsx;;;;;;
Puglia adriatica_DTS;2012;10;NA;TotalKW;file MBL2 SOL_fishing capacity.xlsx;;;;;;
Puglia adriatica_DTS;2013;1;NA;TotalKW;file MBL2 SOL_fishing capacity.xlsx;;;;;;
Puglia adriatica_DTS;2013;10;NA;TotalKW;file MBL2 SOL_fishing capacity.xlsx;;;;;;
Puglia adriatica_DTS;2013;11;NA;TotalKW;file MBL2 SOL_fishing capacity.xlsx;;;;;;
Puglia adriatica_DTS;2013;12;NA;TotalKW;file MBL2 SOL_fishing capacity.xlsx;;;;;;
Puglia adriatica_DTS;2013;2;NA;TotalKW;file MBL2 SOL_fishing capacity.xlsx;;;;;;
Puglia adriatica_DTS;2013;3;NA;TotalKW;file MBL2 SOL_fishing capacity.xlsx;;;;;;
Puglia adriatica_DTS;2013;4;NA;TotalKW;file MBL2 SOL_fishing capacity.xlsx;;;;;;
Puglia adriatica_DTS;2013;5;NA;TotalKW;file MBL2 SOL_fishing capacity.xlsx;;;;;;
Puglia adriatica_DTS;2013;6;NA;TotalKW;file MBL2 SOL_fishing capacity.xlsx;;;;;;
Puglia adriatica_DTS;2013;7;NA;TotalKW;file MBL2 SOL_fishing capacity.xlsx;;;;;;
Puglia adriatica_DTS;2013;8;NA;TotalKW;file MBL2 SOL_fishing capacity.xlsx;;;;;;
Puglia adriatica_DTS;2013;9;NA;TotalKW;file MBL2 SOL_fishing capacity.xlsx;;;;;;
Puglia adriatica_DTS;2014;1;NA;TotalKW;file MBL2 SOL_fishing capacity.xlsx;;;;;;
Puglia adriatica_DTS;2014;10;NA;TotalKW;file MBL2 SOL_fishing capacity.xlsx;;;;;;
Puglia adriatica_DTS;2014;11;NA;TotalKW;file MBL2 SOL_fishing capacity.xlsx;;;;;;
Puglia adriatica_DTS;2014;12;NA;TotalKW;file MBL2 SOL_fishing capacity.xlsx;;;;;;
Puglia adriatica_DTS;2014;2;NA;TotalKW;file MBL2 SOL_fishing capacity.xlsx;;;;;;
Puglia adriatica_DTS;2014;3;NA;TotalKW;file MBL2 SOL_fishing capacity.xlsx;;;;;;
Puglia adriatica_DTS;2014;4;NA;TotalKW;file MBL2 SOL_fishing capacity.xlsx;;;;;;
Puglia adriatica_DTS;2014;5;NA;TotalKW;file MBL2 SOL_fishing capacity.xlsx;;;;;;
Puglia adriatica_DTS;2014;6;NA;TotalKW;file MBL2 SOL_fishing capacity.xlsx;;;;;;
Puglia adriatica_DTS;2014;7;NA;TotalKW;file MBL2 SOL_fishing capacity.xlsx;;;;;;
Puglia adriatica_DTS;2014;8;NA;TotalKW;file MBL2 SOL_fishing capacity.xlsx;;;;;;
Puglia adriatica_DTS;2014;9;NA;TotalKW;file MBL2 SOL_fishing capacity.xlsx;;;;;;
Puglia adriatica_DTS;2015;1;NA;TotalKW;file MBL2 SOL_fishing capacity.xlsx;;;;;;
Puglia adriatica_DTS;2015;10;NA;TotalKW;file MBL2 SOL_fishing capacity.xlsx;;;;;;
Puglia adriatica_DTS;2015;11;NA;TotalKW;file MBL2 SOL_fishing capacity.xlsx;;;;;;
Puglia adriatica_DTS;2015;12;NA;TotalKW;file MBL2 SOL_fishing capacity.xlsx;;;;;;
Puglia adriatica_DTS;2015;2;NA;TotalKW;file MBL2 SOL_fishing capacity.xlsx;;;;;;
Puglia adriatica_DTS;2015;3;NA;TotalKW;file MBL2 SOL_fishing capacity.xlsx;;;;;;
Puglia adriatica_DTS;2015;4;NA;TotalKW;file MBL2 SOL_fishing capacity.xlsx;;;;;;
Puglia adriatica_DTS;2015;5;NA;TotalKW;file MBL2 SOL_fishing capacity.xlsx;;;;;;
Puglia adriatica_DTS;2015;6;NA;TotalKW;file MBL2 SOL_fishing capacity.xlsx;;;;;;
Puglia adriatica_DTS;2015;7;NA;TotalKW;file MBL2 SOL_fishing capacity.xlsx;;;;;;
Puglia adriatica_DTS;2015;8;NA;TotalKW;file MBL2 SOL_fishing capacity.xlsx;;;;;;
Puglia adriatica_DTS;2015;9;NA;TotalKW;file MBL2 SOL_fishing capacity.xlsx;;;;;;
Puglia adriatica_DTS;2016;1;NA;TotalKW;file MBL2 SOL_fishing capacity.xlsx;;;;;;
Puglia adriatica_DTS;2016;10;NA;TotalKW;file MBL2 SOL_fishing capacity.xlsx;;;;;;
Puglia adriatica_DTS;2016;11;NA;TotalKW;file MBL2 SOL_fishing capacity.xlsx;;;;;;
Puglia adriatica_DTS;2016;12;NA;TotalKW;file MBL2 SOL_fishing capacity.xlsx;;;;;;
Puglia adriatica_DTS;2016;2;NA;TotalKW;file MBL2 SOL_fishing capacity.xlsx;;;;;;
Puglia adriatica_DTS;2016;3;NA;TotalKW;file MBL2 SOL_fishing capacity.xlsx;;;;;;
Puglia adriatica_DTS;2016;4;NA;TotalKW;file MBL2 SOL_fishing capacity.xlsx;;;;;;
Puglia adriatica_DTS;2016;5;NA;TotalKW;file MBL2 SOL_fishing capacity.xlsx;;;;;;
Puglia adriatica_DTS;2016;6;NA;TotalKW;file MBL2 SOL_fishing capacity.xlsx;;;;;;
Puglia adriatica_DTS;2016;7;NA;TotalKW;file MBL2 SOL_fishing capacity.xlsx;;;;;;
Puglia adriatica_DTS;2016;8;NA;TotalKW;file MBL2 SOL_fishing capacity.xlsx;;;;;;
Puglia adriatica_DTS;2016;9;NA;TotalKW;file MBL2 SOL_fishing capacity.xlsx;;;;;;
Puglia adriatica_DTS;2017;1;NA;TotalKW;file MBL2 SOL_fishing capacity.xlsx;;;;;;
Puglia adriatica_DTS;2017;10;NA;TotalKW;file MBL2 SOL_fishing capacity.xlsx;;;;;;
Puglia adriatica_DTS;2017;11;NA;TotalKW;file MBL2 SOL_fishing capacity.xlsx;;;;;;
Puglia adriatica_DTS;2017;12;NA;TotalKW;file MBL2 SOL_fishing capacity.xlsx;;;;;;
Puglia adriatica_DTS;2017;2;NA;TotalKW;file MBL2 SOL_fishing capacity.xlsx;;;;;;
Puglia adriatica_DTS;2017;3;NA;TotalKW;file MBL2 SOL_fishing capacity.xlsx;;;;;;
Puglia adriatica_DTS;2017;4;NA;TotalKW;file MBL2 SOL_fishing capacity.xlsx;;;;;;
Puglia adriatica_DTS;2017;5;NA;TotalKW;file MBL2 SOL_fishing capacity.xlsx;;;;;;
Puglia adriatica_DTS;2017;6;NA;TotalKW;file MBL2 SOL_fishing capacity.xlsx;;;;;;
Puglia adriatica_DTS;2017;7;NA;TotalKW;file MBL2 SOL_fishing capacity.xlsx;;;;;;
Puglia adriatica_DTS;2017;9;NA;TotalKW;file MBL2 SOL_fishing capacity.xlsx;;;;;;
Puglia adriatica_DTS;2018;1;NA;TotalKW;file MBL2 SOL_fishing capacity.xlsx;;;;;;
Puglia adriatica_DTS;2018;10;NA;TotalKW;file MBL2 SOL_fishing capacity.xlsx;;;;;;
Puglia adriatica_DTS;2018;11;NA;TotalKW;file MBL2 SOL_fishing capacity.xlsx;;;;;;
Puglia adriatica_DTS;2018;12;NA;TotalKW;file MBL2 SOL_fishing capacity.xlsx;;;;;;
Puglia adriatica_DTS;2018;2;NA;TotalKW;file MBL2 SOL_fishing capacity.xlsx;;;;;;
Puglia adriatica_DTS;2018;3;NA;TotalKW;file MBL2 SOL_fishing capacity.xlsx;;;;;;
Puglia adriatica_DTS;2018;4;NA;TotalKW;file MBL2 SOL_fishing capacity.xlsx;;;;;;
Puglia adriatica_DTS;2018;5;NA;TotalKW;file MBL2 SOL_fishing capacity.xlsx;;;;;;
Puglia adriatica_DTS;2018;6;NA;TotalKW;file MBL2 SOL_fishing capacity.xlsx;;;;;;
Puglia adriatica_DTS;2018;7;NA;TotalKW;file MBL2 SOL_fishing capacity.xlsx;;;;;;
Puglia adriatica_DTS;2018;8;NA;TotalKW;file MBL2 SOL_fishing capacity.xlsx;;;;;;
Puglia adriatica_DTS;2018;9;NA;TotalKW;file MBL2 SOL_fishing capacity.xlsx;;;;;;
Puglia adriatica_PGP;2013;6;NA;TotalKW;file MBL2 SOL_fishing capacity.xlsx;;;;;;
Puglia adriatica_PGP;2013;7;NA;TotalKW;file MBL2 SOL_fishing capacity.xlsx;;;;;;
Puglia adriatica_PGP;2013;8;NA;TotalKW;file MBL2 SOL_fishing capacity.xlsx;;;;;;
Puglia adriatica_PGP;2013;9;NA;TotalKW;file MBL2 SOL_fishing capacity.xlsx;;;;;;
Puglia adriatica_PGP;2016;11;NA;TotalKW;file MBL2 SOL_fishing capacity.xlsx;;;;;;
Puglia adriatica_PGP;2016;6;NA;TotalKW;file MBL2 SOL_fishing capacity.xlsx;;;;;;
Puglia adriatica_PGP;2017;1;NA;TotalKW;file MBL2 SOL_fishing capacity.xlsx;;;;;;
Puglia adriatica_PGP;2017;10;NA;TotalKW;file MBL2 SOL_fishing capacity.xlsx;;;;;;
Puglia adriatica_PGP;2017;11;NA;TotalKW;file MBL2 SOL_fishing capacity.xlsx;;;;;;
Puglia adriatica_PGP;2017;2;NA;TotalKW;file MBL2 SOL_fishing capacity.xlsx;;;;;;
Puglia adriatica_PGP;2017;3;NA;TotalKW;file MBL2 SOL_fishing capacity.xlsx;;;;;;
Puglia adriatica_PGP;2017;4;NA;TotalKW;file MBL2 SOL_fishing capacity.xlsx;;;;;;
Puglia adriatica_PGP;2017;5;NA;TotalKW;file MBL2 SOL_fishing capacity.xlsx;;;;;;
Puglia adriatica_PGP;2017;6;NA;TotalKW;file MBL2 SOL_fishing capacity.xlsx;;;;;;
Puglia adriatica_PGP;2017;7;NA;TotalKW;file MBL2 SOL_fishing capacity.xlsx;;;;;;
Puglia adriatica_PGP;2017;8;NA;TotalKW;file MBL2 SOL_fishing capacity.xlsx;;;;;;
Puglia adriatica_PGP;2017;9;NA;TotalKW;file MBL2 SOL_fishing capacity.xlsx;;;;;;
Puglia adriatica_PGP;2018;1;NA;TotalKW;file MBL2 SOL_fishing capacity.xlsx;;;;;;
Puglia adriatica_PGP;2018;10;NA;TotalKW;file MBL2 SOL_fishing capacity.xlsx;;;;;;
Puglia adriatica_PGP;2018;11;NA;TotalKW;file MBL2 SOL_fishing capacity.xlsx;;;;;;
Puglia adriatica_PGP;2018;12;NA;TotalKW;file MBL2 SOL_fishing capacity.xlsx;;;;;;
Puglia adriatica_PGP;2018;2;NA;TotalKW;file MBL2 SOL_fishing capacity.xlsx;;;;;;
Puglia adriatica_PGP;2018;3;NA;TotalKW;file MBL2 SOL_fishing capacity.xlsx;;;;;;
Puglia adriatica_PGP;2018;4;NA;TotalKW;file MBL2 SOL_fishing capacity.xlsx;;;;;;
Puglia adriatica_PGP;2018;5;NA;TotalKW;file MBL2 SOL_fishing capacity.xlsx;;;;;;
Puglia adriatica_PGP;2018;6;NA;TotalKW;file MBL2 SOL_fishing capacity.xlsx;;;;;;
Puglia adriatica_PGP;2018;7;NA;TotalKW;file MBL2 SOL_fishing capacity.xlsx;;;;;;
Puglia adriatica_PGP;2018;8;NA;TotalKW;file MBL2 SOL_fishing capacity.xlsx;;;;;;
Puglia adriatica_PGP;2018;9;NA;TotalKW;file MBL2 SOL_fishing capacity.xlsx;;;;;;
Puglia ionica_DTS;2013;1;NA;TotalKW;file MBL2 SOL_fishing capacity.xlsx;;;;;;
Puglia ionica_DTS;2013;11;NA;TotalKW;file MBL2 SOL_fishing capacity.xlsx;;;;;;
Puglia ionica_DTS;2013;12;NA;TotalKW;file MBL2 SOL_fishing capacity.xlsx;;;;;;
Puglia ionica_DTS;2013;2;NA;TotalKW;file MBL2 SOL_fishing capacity.xlsx;;;;;;
Puglia ionica_DTS;2013;3;NA;TotalKW;file MBL2 SOL_fishing capacity.xlsx;;;;;;
Puglia ionica_DTS;2013;4;NA;TotalKW;file MBL2 SOL_fishing capacity.xlsx;;;;;;
Puglia ionica_DTS;2013;5;NA;TotalKW;file MBL2 SOL_fishing capacity.xlsx;;;;;;
Puglia ionica_DTS;2013;6;NA;TotalKW;file MBL2 SOL_fishing capacity.xlsx;;;;;;
Puglia ionica_DTS;2013;7;NA;TotalKW;file MBL2 SOL_fishing capacity.xlsx;;;;;;
Puglia ionica_DTS;2013;8;NA;TotalKW;file MBL2 SOL_fishing capacity.xlsx;;;;;;
Puglia ionica_DTS;2013;9;NA;TotalKW;file MBL2 SOL_fishing capacity.xlsx;;;;;;
Puglia ionica_DTS;2017;3;NA;TotalKW;file MBL2 SOL_fishing capacity.xlsx;;;;;;
Puglia ionica_DTS;2017;5;NA;TotalKW;file MBL2 SOL_fishing capacity.xlsx;;;;;;
Puglia ionica_DTS;2018;12;NA;TotalKW;file MBL2 SOL_fishing capacity.xlsx;;;;;;
Puglia ionica_DTS;2018;3;NA;TotalKW;file MBL2 SOL_fishing capacity.xlsx;;;;;;
Puglia ionica_DTS;2018;4;NA;TotalKW;file MBL2 SOL_fishing capacity.xlsx;;;;;;
Puglia ionica_PGP;2005;1;NA;TotalKW;file MBL2 SOL_fishing capacity.xlsx;;;;;;
Puglia ionica_PGP;2005;10;NA;TotalKW;file MBL2 SOL_fishing capacity.xlsx;;;;;;
Puglia ionica_PGP;2005;11;NA;TotalKW;file MBL2 SOL_fishing capacity.xlsx;;;;;;
Puglia ionica_PGP;2005;12;NA;TotalKW;file MBL2 SOL_fishing capacity.xlsx;;;;;;
Puglia ionica_PGP;2005;2;NA;TotalKW;file MBL2 SOL_fishing capacity.xlsx;;;;;;
Puglia ionica_PGP;2005;3;NA;TotalKW;file MBL2 SOL_fishing capacity.xlsx;;;;;;
Puglia ionica_PGP;2005;4;NA;TotalKW;file MBL2 SOL_fishing capacity.xlsx;;;;;;
Puglia ionica_PGP;2005;5;NA;TotalKW;file MBL2 SOL_fishing capacity.xlsx;;;;;;
Puglia ionica_PGP;2005;6;NA;TotalKW;file MBL2 SOL_fishing capacity.xlsx;;;;;;
Puglia ionica_PGP;2005;7;NA;TotalKW;file MBL2 SOL_fishing capacity.xlsx;;;;;;
Puglia ionica_PGP;2005;8;NA;TotalKW;file MBL2 SOL_fishing capacity.xlsx;;;;;;
Puglia ionica_PGP;2005;9;NA;TotalKW;file MBL2 SOL_fishing capacity.xlsx;;;;;;
Puglia ionica_PGP;2006;1;NA;TotalKW;file MBL2 SOL_fishing capacity.xlsx;;;;;;
Puglia ionica_PGP;2006;10;NA;TotalKW;file MBL2 SOL_fishing capacity.xlsx;;;;;;
Puglia ionica_PGP;2006;11;NA;TotalKW;file MBL2 SOL_fishing capacity.xlsx;;;;;;
Puglia ionica_PGP;2006;12;NA;TotalKW;file MBL2 SOL_fishing capacity.xlsx;;;;;;
Puglia ionica_PGP;2006;2;NA;TotalKW;file MBL2 SOL_fishing capacity.xlsx;;;;;;
Puglia ionica_PGP;2006;3;NA;TotalKW;file MBL2 SOL_fishing capacity.xlsx;;;;;;
Puglia ionica_PGP;2006;4;NA;TotalKW;file MBL2 SOL_fishing capacity.xlsx;;;;;;
Puglia ionica_PGP;2006;6;NA;TotalKW;file MBL2 SOL_fishing capacity.xlsx;;;;;;
Puglia ionica_PGP;2006;7;NA;TotalKW;file MBL2 SOL_fishing capacity.xlsx;;;;;;
Puglia ionica_PGP;2006;8;NA;TotalKW;file MBL2 SOL_fishing capacity.xlsx;;;;;;
Puglia ionica_PGP;2006;9;NA;TotalKW;file MBL2 SOL_fishing capacity.xlsx;;;;;;
Puglia ionica_PGP;2007;1;NA;TotalKW;file MBL2 SOL_fishing capacity.xlsx;;;;;;
Puglia ionica_PGP;2007;10;NA;TotalKW;file MBL2 SOL_fishing capacity.xlsx;;;;;;
Puglia ionica_PGP;2007;11;NA;TotalKW;file MBL2 SOL_fishing capacity.xlsx;;;;;;
Puglia ionica_PGP;2007;12;NA;TotalKW;file MBL2 SOL_fishing capacity.xlsx;;;;;;
Puglia ionica_PGP;2007;4;NA;TotalKW;file MBL2 SOL_fishing capacity.xlsx;;;;;;
Puglia ionica_PGP;2007;6;NA;TotalKW;file MBL2 SOL_fishing capacity.xlsx;;;;;;
Puglia ionica_PGP;2007;7;NA;TotalKW;file MBL2 SOL_fishing capacity.xlsx;;;;;;
Puglia ionica_PGP;2007;8;NA;TotalKW;file MBL2 SOL_fishing capacity.xlsx;;;;;;
Puglia ionica_PGP;2007;9;NA;TotalKW;file MBL2 SOL_fishing capacity.xlsx;;;;;;
Puglia ionica_PGP;2008;1;NA;TotalKW;file MBL2 SOL_fishing capacity.xlsx;;;;;;
Puglia ionica_PGP;2008;10;NA;TotalKW;file MBL2 SOL_fishing capacity.xlsx;;;;;;
Puglia ionica_PGP;2008;11;NA;TotalKW;file MBL2 SOL_fishing capacity.xlsx;;;;;;
Puglia ionica_PGP;2008;12;NA;TotalKW;file MBL2 SOL_fishing capacity.xlsx;;;;;;
Puglia ionica_PGP;2008;3;NA;TotalKW;file MBL2 SOL_fishing capacity.xlsx;;;;;;
Puglia ionica_PGP;2008;4;NA;TotalKW;file MBL2 SOL_fishing capacity.xlsx;;;;;;
Puglia ionica_PGP;2008;6;NA;TotalKW;file MBL2 SOL_fishing capacity.xlsx;;;;;;
Puglia ionica_PGP;2008;7;NA;TotalKW;file MBL2 SOL_fishing capacity.xlsx;;;;;;
Puglia ionica_PGP;2008;8;NA;TotalKW;file MBL2 SOL_fishing capacity.xlsx;;;;;;
Puglia ionica_PGP;2008;9;NA;TotalKW;file MBL2 SOL_fishing capacity.xlsx;;;;;;
Puglia ionica_PGP;2009;1;NA;TotalKW;file MBL2 SOL_fishing capacity.xlsx;;;;;;
Puglia ionica_PGP;2009;10;NA;TotalKW;file MBL2 SOL_fishing capacity.xlsx;;;;;;
Puglia ionica_PGP;2009;4;NA;TotalKW;file MBL2 SOL_fishing capacity.xlsx;;;;;;
Puglia ionica_PGP;2009;6;NA;TotalKW;file MBL2 SOL_fishing capacity.xlsx;;;;;;
Puglia ionica_PGP;2009;7;NA;TotalKW;file MBL2 SOL_fishing capacity.xlsx;;;;;;
Puglia ionica_PGP;2009;8;NA;TotalKW;file MBL2 SOL_fishing capacity.xlsx;;;;;;
Puglia ionica_PGP;2009;9;NA;TotalKW;file MBL2 SOL_fishing capacity.xlsx;;;;;;
Puglia ionica_PGP;2010;10;NA;TotalKW;file MBL2 SOL_fishing capacity.xlsx;;;;;;
Puglia ionica_PGP;2010;11;NA;TotalKW;file MBL2 SOL_fishing capacity.xlsx;;;;;;
Puglia ionica_PGP;2010;12;NA;TotalKW;file MBL2 SOL_fishing capacity.xlsx;;;;;;
Puglia ionica_PGP;2010;3;NA;TotalKW;file MBL2 SOL_fishing capacity.xlsx;;;;;;
Puglia ionica_PGP;2010;4;NA;TotalKW;file MBL2 SOL_fishing capacity.xlsx;;;;;;
Puglia ionica_PGP;2010;5;NA;TotalKW;file MBL2 SOL_fishing capacity.xlsx;;;;;;
Puglia ionica_PGP;2010;6;NA;TotalKW;file MBL2 SOL_fishing capacity.xlsx;;;;;;
Puglia ionica_PGP;2010;8;NA;TotalKW;file MBL2 SOL_fishing capacity.xlsx;;;;;;
Puglia ionica_PGP;2010;9;NA;TotalKW;file MBL2 SOL_fishing capacity.xlsx;;;;;;
Puglia ionica_PGP;2011;1;NA;TotalKW;file MBL2 SOL_fishing capacity.xlsx;;;;;;
Puglia ionica_PGP;2011;10;NA;TotalKW;file MBL2 SOL_fishing capacity.xlsx;;;;;;
Puglia ionica_PGP;2011;11;NA;TotalKW;file MBL2 SOL_fishing capacity.xlsx;;;;;;
Puglia ionica_PGP;2011;12;NA;TotalKW;file MBL2 SOL_fishing capacity.xlsx;;;;;;
Puglia ionica_PGP;2011;2;NA;TotalKW;file MBL2 SOL_fishing capacity.xlsx;;;;;;
Puglia ionica_PGP;2011;3;NA;TotalKW;file MBL2 SOL_fishing capacity.xlsx;;;;;;
Puglia ionica_PGP;2011;4;NA;TotalKW;file MBL2 SOL_fishing capacity.xlsx;;;;;;
Puglia ionica_PGP;2011;5;NA;TotalKW;file MBL2 SOL_fishing capacity.xlsx;;;;;;
Puglia ionica_PGP;2011;6;NA;TotalKW;file MBL2 SOL_fishing capacity.xlsx;;;;;;
Puglia ionica_PGP;2011;7;NA;TotalKW;file MBL2 SOL_fishing capacity.xlsx;;;;;;
Puglia ionica_PGP;2011;8;NA;TotalKW;file MBL2 SOL_fishing capacity.xlsx;;;;;;
Puglia ionica_PGP;2011;9;NA;TotalKW;file MBL2 SOL_fishing capacity.xlsx;;;;;;
Puglia ionica_PGP;2012;1;NA;TotalKW;file MBL2 SOL_fishing capacity.xlsx;;;;;;
Puglia ionica_PGP;2012;10;NA;TotalKW;file MBL2 SOL_fishing capacity.xlsx;;;;;;
Puglia ionica_PGP;2012;11;NA;TotalKW;file MBL2 SOL_fishing capacity.xlsx;;;;;;
Puglia ionica_PGP;2012;12;NA;TotalKW;file MBL2 SOL_fishing capacity.xlsx;;;;;;
Puglia ionica_PGP;2012;2;NA;TotalKW;file MBL2 SOL_fishing capacity.xlsx;;;;;;
Puglia ionica_PGP;2012;3;NA;TotalKW;file MBL2 SOL_fishing capacity.xlsx;;;;;;
Puglia ionica_PGP;2012;4;NA;TotalKW;file MBL2 SOL_fishing capacity.xlsx;;;;;;
Puglia ionica_PGP;2012;5;NA;TotalKW;file MBL2 SOL_fishing capacity.xlsx;;;;;;
Puglia ionica_PGP;2012;6;NA;TotalKW;file MBL2 SOL_fishing capacity.xlsx;;;;;;
Puglia ionica_PGP;2012;7;NA;TotalKW;file MBL2 SOL_fishing capacity.xlsx;;;;;;
Puglia ionica_PGP;2012;8;NA;TotalKW;file MBL2 SOL_fishing capacity.xlsx;;;;;;
Puglia ionica_PGP;2012;9;NA;TotalKW;file MBL2 SOL_fishing capacity.xlsx;;;;;;
Puglia ionica_PGP;2013;1;NA;TotalKW;file MBL2 SOL_fishing capacity.xlsx;;;;;;
Puglia ionica_PGP;2013;10;NA;TotalKW;file MBL2 SOL_fishing capacity.xlsx;;;;;;
Puglia ionica_PGP;2013;11;NA;TotalKW;file MBL2 SOL_fishing capacity.xlsx;;;;;;
Puglia ionica_PGP;2013;12;NA;TotalKW;file MBL2 SOL_fishing capacity.xlsx;;;;;;
Puglia ionica_PGP;2013;2;NA;TotalKW;file MBL2 SOL_fishing capacity.xlsx;;;;;;
Puglia ionica_PGP;2013;3;NA;TotalKW;file MBL2 SOL_fishing capacity.xlsx;;;;;;
Puglia ionica_PGP;2013;4;NA;TotalKW;file MBL2 SOL_fishing capacity.xlsx;;;;;;
Puglia ionica_PGP;2013;5;NA;TotalKW;file MBL2 SOL_fishing capacity.xlsx;;;;;;
Puglia ionica_PGP;2013;6;NA;TotalKW;file MBL2 SOL_fishing capacity.xlsx;;;;;;
Puglia ionica_PGP;2013;8;NA;TotalKW;file MBL2 SOL_fishing capacity.xlsx;;;;;;
Puglia ionica_PGP;2013;9;NA;TotalKW;file MBL2 SOL_fishing capacity.xlsx;;;;;;
Puglia ionica_PGP;2014;1;NA;TotalKW;file MBL2 SOL_fishing capacity.xlsx;;;;;;
Puglia ionica_PGP;2014;10;NA;TotalKW;file MBL2 SOL_fishing capacity.xlsx;;;;;;
Puglia ionica_PGP;2014;11;NA;TotalKW;file MBL2 SOL_fishing capacity.xlsx;;;;;;
Puglia ionica_PGP;2014;12;NA;TotalKW;file MBL2 SOL_fishing capacity.xlsx;;;;;;
Puglia ionica_PGP;2014;2;NA;TotalKW;file MBL2 SOL_fishing capacity.xlsx;;;;;;
Puglia ionica_PGP;2014;3;NA;TotalKW;file MBL2 SOL_fishing capacity.xlsx;;;;;;
Puglia ionica_PGP;2014;5;NA;TotalKW;file MBL2 SOL_fishing capacity.xlsx;;;;;;
Puglia ionica_PGP;2014;6;NA;TotalKW;file MBL2 SOL_fishing capacity.xlsx;;;;;;
Puglia ionica_PGP;2014;7;NA;TotalKW;file MBL2 SOL_fishing capacity.xlsx;;;;;;
Puglia ionica_PGP;2014;8;NA;TotalKW;file MBL2 SOL_fishing capacity.xlsx;;;;;;
Puglia ionica_PGP;2014;9;NA;TotalKW;file MBL2 SOL_fishing capacity.xlsx;;;;;;
Puglia ionica_PGP;2015;1;NA;TotalKW;file MBL2 SOL_fishing capacity.xlsx;;;;;;
Puglia ionica_PGP;2015;10;NA;TotalKW;file MBL2 SOL_fishing capacity.xlsx;;;;;;
Puglia ionica_PGP;2015;11;NA;TotalKW;file MBL2 SOL_fishing capacity.xlsx;;;;;;
Puglia ionica_PGP;2015;12;NA;TotalKW;file MBL2 SOL_fishing capacity.xlsx;;;;;;
Puglia ionica_PGP;2015;2;NA;TotalKW;file MBL2 SOL_fishing capacity.xlsx;;;;;;
Puglia ionica_PGP;2015;3;NA;TotalKW;file MBL2 SOL_fishing capacity.xlsx;;;;;;
Puglia ionica_PGP;2015;4;NA;TotalKW;file MBL2 SOL_fishing capacity.xlsx;;;;;;
Puglia ionica_PGP;2015;5;NA;TotalKW;file MBL2 SOL_fishing capacity.xlsx;;;;;;
Puglia ionica_PGP;2015;8;NA;TotalKW;file MBL2 SOL_fishing capacity.xlsx;;;;;;
Puglia ionica_PGP;2015;9;NA;TotalKW;file MBL2 SOL_fishing capacity.xlsx;;;;;;
Puglia ionica_PGP;2016;1;NA;TotalKW;file MBL2 SOL_fishing capacity.xlsx;;;;;;
Puglia ionica_PGP;2016;10;NA;TotalKW;file MBL2 SOL_fishing capacity.xlsx;;;;;;
Puglia ionica_PGP;2016;11;NA;TotalKW;file MBL2 SOL_fishing capacity.xlsx;;;;;;
Puglia ionica_PGP;2016;12;NA;TotalKW;file MBL2 SOL_fishing capacity.xlsx;;;;;;
Puglia ionica_PGP;2016;2;NA;TotalKW;file MBL2 SOL_fishing capacity.xlsx;;;;;;
Puglia ionica_PGP;2016;3;NA;TotalKW;file MBL2 SOL_fishing capacity.xlsx;;;;;;
Puglia ionica_PGP;2016;4;NA;TotalKW;file MBL2 SOL_fishing capacity.xlsx;;;;;;
Puglia ionica_PGP;2016;5;NA;TotalKW;file MBL2 SOL_fishing capacity.xlsx;;;;;;
Puglia ionica_PGP;2016;9;NA;TotalKW;file MBL2 SOL_fishing capacity.xlsx;;;;;;
Puglia ionica_PGP;2017;1;NA;TotalKW;file MBL2 SOL_fishing capacity.xlsx;;;;;;
Puglia ionica_PGP;2017;10;NA;TotalKW;file MBL2 SOL_fishing capacity.xlsx;;;;;;
Puglia ionica_PGP;2017;11;NA;TotalKW;file MBL2 SOL_fishing capacity.xlsx;;;;;;
Puglia ionica_PGP;2017;12;NA;TotalKW;file MBL2 SOL_fishing capacity.xlsx;;;;;;
Puglia ionica_PGP;2017;2;NA;TotalKW;file MBL2 SOL_fishing capacity.xlsx;;;;;;
Puglia ionica_PGP;2017;3;NA;TotalKW;file MBL2 SOL_fishing capacity.xlsx;;;;;;
Puglia ionica_PGP;2017;4;NA;TotalKW;file MBL2 SOL_fishing capacity.xlsx;;;;;;
Puglia ionica_PGP;2017;5;NA;TotalKW;file MBL2 SOL_fishing capacity.xlsx;;;;;;
Puglia ionica_PGP;2017;6;NA;TotalKW;file MBL2 SOL_fishing capacity.xlsx;;;;;;
Puglia ionica_PGP;2017;7;NA;TotalKW;file MBL2 SOL_fishing capacity.xlsx;;;;;;
Puglia ionica_PGP;2017;8;NA;TotalKW;file MBL2 SOL_fishing capacity.xlsx;;;;;;
Puglia ionica_PGP;2017;9;NA;TotalKW;file MBL2 SOL_fishing capacity.xlsx;;;;;;
Puglia ionica_PGP;2018;1;NA;TotalKW;file MBL2 SOL_fishing capacity.xlsx;;;;;;
Puglia ionica_PGP;2018;10;NA;TotalKW;file MBL2 SOL_fishing capacity.xlsx;;;;;;
Puglia ionica_PGP;2018;11;NA;TotalKW;file MBL2 SOL_fishing capacity.xlsx;;;;;;
Puglia ionica_PGP;2018;12;NA;TotalKW;file MBL2 SOL_fishing capacity.xlsx;;;;;;
Puglia ionica_PGP;2018;2;NA;TotalKW;file MBL2 SOL_fishing capacity.xlsx;;;;;;
Puglia ionica_PGP;2018;3;NA;TotalKW;file MBL2 SOL_fishing capacity.xlsx;;;;;;
Puglia ionica_PGP;2018;4;NA;TotalKW;file MBL2 SOL_fishing capacity.xlsx;;;;;;
Puglia ionica_PGP;2018;5;NA;TotalKW;file MBL2 SOL_fishing capacity.xlsx;;;;;;
Puglia ionica_PGP;2018;7;NA;TotalKW;file MBL2 SOL_fishing capacity.xlsx;;;;;;
Puglia ionica_PGP;2018;8;NA;TotalKW;file MBL2 SOL_fishing capacity.xlsx;;;;;;
Puglia ionica_PGP;2018;9;NA;TotalKW;file MBL2 SOL_fishing capacity.xlsx;;;;;;
Veneto_DRB;2017;10;NA;TotalKW;file MBL2 SOL_fishing capacity.xlsx;;;;;;
Veneto_DRB;2018;10;NA;TotalKW;file MBL2 SOL_fishing capacity.xlsx;;;;;;
Veneto_DRB;2018;11;NA;TotalKW;file MBL2 SOL_fishing capacity.xlsx;;;;;;
Veneto_DRB;2018;12;NA;TotalKW;file MBL2 SOL_fishing capacity.xlsx;;;;;;
Veneto_DRB;2018;4;NA;TotalKW;file MBL2 SOL_fishing capacity.xlsx;;;;;;
Veneto_DRB;2018;5;NA;TotalKW;file MBL2 SOL_fishing capacity.xlsx;;;;;;
Veneto_DTS;2005;0;35057.72;TotalKW;file MBL2 SOL_fishing capacity.xlsx;;;;;;
Veneto_DTS;2006;0;33553.73;TotalKW;file MBL2 SOL_fishing capacity.xlsx;;;;;;
Veneto_DTS;2007;0;26408.02;TotalKW;file MBL2 SOL_fishing capacity.xlsx;;;;;;
Veneto_DTS;2008;0;28113.88;TotalKW;file MBL2 SOL_fishing capacity.xlsx;;;;;;
Veneto_DTS;2009;0;27073.63;TotalKW;file MBL2 SOL_fishing capacity.xlsx;;;;;;
Veneto_DTS;2010;0;27966.4;TotalKW;file MBL2 SOL_fishing capacity.xlsx;;;;;;
Veneto_DTS;2011;0;28446.44;TotalKW;file MBL2 SOL_fishing capacity.xlsx;;;;;;
Veneto_DTS;2012;0;27620.75;TotalKW;file MBL2 SOL_fishing capacity.xlsx;;;;;;
Veneto_DTS;2013;0;27953.36;TotalKW;file MBL2 SOL_fishing capacity.xlsx;;;;;;
Veneto_DTS;2014;0;23299.26;TotalKW;file MBL2 SOL_fishing capacity.xlsx;;;;;;
Veneto_DTS;2015;0;22379.93;TotalKW;file MBL2 SOL_fishing capacity.xlsx;;;;;;
Veneto_DTS;2016;0;22268.73;TotalKW;file MBL2 SOL_fishing capacity.xlsx;;;;;;
Veneto_DTS;2017;0;26793.23;TotalKW;file MBL2 SOL_fishing capacity.xlsx;;;;;;
Veneto_DTS;2018;0;26403.25;TotalKW;file MBL2 SOL_fishing capacity.xlsx;;;;;;
Veneto_PGP;2005;0;13227.39;TotalKW;file MBL2 SOL_fishing capacity.xlsx;;;;;;
Veneto_PGP;2006;0;11922.65;TotalKW;file MBL2 SOL_fishing capacity.xlsx;;;;;;
Veneto_PGP;2007;0;11734.39;TotalKW;file MBL2 SOL_fishing capacity.xlsx;;;;;;
Veneto_PGP;2008;0;11082.86;TotalKW;file MBL2 SOL_fishing capacity.xlsx;;;;;;
Veneto_PGP;2009;0;10920.52;TotalKW;file MBL2 SOL_fishing capacity.xlsx;;;;;;
Veneto_PGP;2010;0;10203.6;TotalKW;file MBL2 SOL_fishing capacity.xlsx;;;;;;
Veneto_PGP;2011;0;12252.8;TotalKW;file MBL2 SOL_fishing capacity.xlsx;;;;;;
Veneto_PGP;2012;0;12481.63;TotalKW;file MBL2 SOL_fishing capacity.xlsx;;;;;;
Veneto_PGP;2013;0;12576.12;TotalKW;file MBL2 SOL_fishing capacity.xlsx;;;;;;
Veneto_PGP;2014;0;10904.98;TotalKW;file MBL2 SOL_fishing capacity.xlsx;;;;;;
Veneto_PGP;2015;0;10755.65;TotalKW;file MBL2 SOL_fishing capacity.xlsx;;;;;;
Veneto_PGP;2016;0;10950.05;TotalKW;file MBL2 SOL_fishing capacity.xlsx;;;;;;
Veneto_PGP;2017;0;9738.05;TotalKW;file MBL2 SOL_fishing capacity.xlsx;;;;;;
Veneto_PGP;2018;0;9420.86;TotalKW;file MBL2 SOL_fishing capacity.xlsx;;;;;;
Veneto_TBB;2005;0;14422.54;TotalKW;file MBL2 SOL_fishing capacity.xlsx;;;;;;
Veneto_TBB;2006;0;12029.42;TotalKW;file MBL2 SOL_fishing capacity.xlsx;;;;;;
Veneto_TBB;2007;0;17773.17;TotalKW;file MBL2 SOL_fishing capacity.xlsx;;;;;;
Veneto_TBB;2008;0;13758.69;TotalKW;file MBL2 SOL_fishing capacity.xlsx;;;;;;
Veneto_TBB;2009;0;14104.29;TotalKW;file MBL2 SOL_fishing capacity.xlsx;;;;;;
Veneto_TBB;2010;0;13922.29;TotalKW;file MBL2 SOL_fishing capacity.xlsx;;;;;;
Veneto_TBB;2011;0;13358.89;TotalKW;file MBL2 SOL_fishing capacity.xlsx;;;;;;
Veneto_TBB;2012;0;13667.5;TotalKW;file MBL2 SOL_fishing capacity.xlsx;;;;;;
Veneto_TBB;2013;0;11397.6;TotalKW;file MBL2 SOL_fishing capacity.xlsx;;;;;;
Veneto_TBB;2014;0;10956.03;TotalKW;file MBL2 SOL_fishing capacity.xlsx;;;;;;
Veneto_TBB;2015;0;11781.35;TotalKW;file MBL2 SOL_fishing capacity.xlsx;;;;;;
Veneto_TBB;2016;0;12019.72;TotalKW;file MBL2 SOL_fishing capacity.xlsx;;;;;;
Veneto_TBB;2017;0;11839.52;TotalKW;file MBL2 SOL_fishing capacity.xlsx;;;;;;
Veneto_TBB;2018;0;12729.44;TotalKW;file MBL2 SOL_fishing capacity.xlsx;;;;;;
Veneto_TM;2015;0;NA;TotalKW;file MBL2 SOL_fishing capacity.xlsx;;;;;;
HRV_DFN;2005;0;3535.87;TotalKW;equal 2012;;;;;;
HRV_DFN;2006;0;3535.87;TotalKW;equal 2012;;;;;;
HRV_DFN;2007;0;3535.87;TotalKW;equal 2012;;;;;;
HRV_DFN;2008;0;3535.87;TotalKW;equal 2012;;;;;;
HRV_DFN;2009;0;3535.87;TotalKW;equal 2012;;;;;;
HRV_DFN;2010;0;3535.87;TotalKW;equal 2012;;;;;;
HRV_DFN;2011;0;3535.87;TotalKW;equal 2012;;;;;;
HRV_DFN;2012;0;3535.87;TotalKW;AER file AER_all_uploaded_v_fs.xls;;;;;;
HRV_DFN;2013;0;3275.67;TotalKW;AER file AER_all_uploaded_v_fs.xls;;;;;;
HRV_DFN;2014;0;3108.17;TotalKW;AER file AER_all_uploaded_v_fs.xls;;;;;;
HRV_DFN;2015;0;3117.64;TotalKW;AER file AER_all_uploaded_v_fs.xls;;;;;;
HRV_DFN;2016;0;2910.51;TotalKW;AER file AER_all_uploaded_v_fs.xls;;;;;;
HRV_DFN;2017;0;2941.35;TotalKW;AER file AER_all_uploaded_v_fs.xls;;;;;;
HRV_DFN;2018;0;2996.54;TotalKW;AER file AER_all_uploaded_v_fs.xls;;;;;;
SVN_DFN;2005;0;137.45;TotalKW;equal 2008;;;;;;
SVN_DFN;2006;0;137.45;TotalKW;equal 2008;;;;;;
SVN_DFN;2007;0;137.45;TotalKW;equal 2008;;;;;;
SVN_DFN;2008;0;137.45;TotalKW;AER file AER_all_uploaded_v_fs.xls;;;;;;
SVN_DFN;2009;0;127.64;TotalKW;AER file AER_all_uploaded_v_fs.xls;;;;;;
SVN_DFN;2010;0;150.54;TotalKW;AER file AER_all_uploaded_v_fs.xls;;;;;;
SVN_DFN;2011;0;130.06;TotalKW;AER file AER_all_uploaded_v_fs.xls;;;;;;
SVN_DFN;2012;0;140.58;TotalKW;AER file AER_all_uploaded_v_fs.xls;;;;;;
SVN_DFN;2013;0;166.77;TotalKW;AER file AER_all_uploaded_v_fs.xls;;;;;;
SVN_DFN;2014;0;179.35;TotalKW;AER file AER_all_uploaded_v_fs.xls;;;;;;
SVN_DFN;2015;0;160.81;TotalKW;AER file AER_all_uploaded_v_fs.xls;;;;;;
SVN_DFN;2016;0;152.23;TotalKW;AER file AER_all_uploaded_v_fs.xls;;;;;;
SVN_DFN;2017;0;158.87;TotalKW;AER file AER_all_uploaded_v_fs.xls;;;;;;
SVN_DFN;2018;0;138.98;TotalKW;AER file AER_all_uploaded_v_fs.xls;;;;;;
Molise_PGP;2005;0;692.5;TotalKW;file MBL2 SOL_fishing capacity.xlsx;;;;;;
Molise_PGP;2006;0;845.74;TotalKW;file MBL2 SOL_fishing capacity.xlsx;;;;;;
Molise_PGP;2007;0;1029.01;TotalKW;file MBL2 SOL_fishing capacity.xlsx;;;;;;
Molise_PGP;2008;0;894.54;TotalKW;file MBL2 SOL_fishing capacity.xlsx;;;;;;
Molise_PGP;2009;0;847.34;TotalKW;file MBL2 SOL_fishing capacity.xlsx;;;;;;
Molise_PGP;2010;0;869.84;TotalKW;file MBL2 SOL_fishing capacity.xlsx;;;;;;
Molise_PGP;2011;0;513.42;TotalKW;file MBL2 SOL_fishing capacity.xlsx;;;;;;
Molise_PGP;2012;0;554.52;TotalKW;file MBL2 SOL_fishing capacity.xlsx;;;;;;
Molise_PGP;2013;0;572.92;TotalKW;file MBL2 SOL_fishing capacity.xlsx;;;;;;
Molise_PGP;2014;0;779.4;TotalKW;file MBL2 SOL_fishing capacity.xlsx;;;;;;
Molise_PGP;2015;0;745.79;TotalKW;file MBL2 SOL_fishing capacity.xlsx;;;;;;
Molise_PGP;2016;0;582.89;TotalKW;file MBL2 SOL_fishing capacity.xlsx;;;;;;
Molise_PGP;2017;0;685.99;TotalKW;file MBL2 SOL_fishing capacity.xlsx;;;;;;
Molise_PGP;2018;0;685.99;TotalKW;file MBL2 SOL_fishing capacity.xlsx;;;;;;
