FS;Year;Month;Vess;Unit;Source;;;;;;
GSA6_DTS_VL0612;2008;0;22;vess;AER-FDI;;;;;;
GSA6_DTS_VL0612;2009;0;21;vess;AER-FDI;;;;;;
GSA6_DTS_VL0612;2010;0;19;vess;AER-FDI;;;;;;
GSA6_DTS_VL0612;2011;0;18;vess;AER-FDI;;;;;;
GSA6_DTS_VL0612;2012;0;17;vess;AER-FDI;;;;;;
GSA6_DTS_VL0612;2013;0;16;vess;AER-FDI;;;;;;
GSA6_DTS_VL0612;2014;0;16;vess;AER-FDI;;;;;;
GSA6_DTS_VL0612;2015;0;15;vess;AER-FDI;;;;;;
GSA6_DTS_VL0612;2016;0;12;vess;AER-FDI;;;;;;
GSA6_DTS_VL0612;2017;0;8;vess;AER-FDI;;;;;;
GSA6_DTS_VL0612;2018;0;17;vess;AER-FDI;;;;;;
GSA6_DTS_VL0612;2019;0;17;vess;AER-FDI;;;;;;
GSA6_DTS_VL1218;2008;0;151;vess;AER-FDI;;;;;;
GSA6_DTS_VL1218;2009;0;147;vess;AER-FDI;;;;;;
GSA6_DTS_VL1218;2010;0;133;vess;AER-FDI;;;;;;
GSA6_DTS_VL1218;2011;0;124;vess;AER-FDI;;;;;;
GSA6_DTS_VL1218;2012;0;117;vess;AER-FDI;;;;;;
GSA6_DTS_VL1218;2013;0;112;vess;AER-FDI;;;;;;
GSA6_DTS_VL1218;2014;0;111;vess;AER-FDI;;;;;;
GSA6_DTS_VL1218;2015;0;104;vess;AER-FDI;;;;;;
GSA6_DTS_VL1218;2016;0;98;vess;AER-FDI;;;;;;
GSA6_DTS_VL1218;2017;0;100;vess;AER-FDI;;;;;;
GSA6_DTS_VL1218;2018;0;146;vess;AER-FDI;;;;;;
GSA6_DTS_VL1218;2019;0;145;vess;AER-FDI;;;;;;
GSA6_DTS_VL1824;2008;0;293;vess;AER-FDI;;;;;;
GSA6_DTS_VL1824;2009;0;284;vess;AER-FDI;;;;;;
GSA6_DTS_VL1824;2010;0;258;vess;AER-FDI;;;;;;
GSA6_DTS_VL1824;2011;0;239;vess;AER-FDI;;;;;;
GSA6_DTS_VL1824;2012;0;226;vess;AER-FDI;;;;;;
GSA6_DTS_VL1824;2013;0;216;vess;AER-FDI;;;;;;
GSA6_DTS_VL1824;2014;0;214;vess;AER-FDI;;;;;;
GSA6_DTS_VL1824;2015;0;201;vess;AER-FDI;;;;;;
GSA6_DTS_VL1824;2016;0;200;vess;AER-FDI;;;;;;
GSA6_DTS_VL1824;2017;0;199;vess;AER-FDI;;;;;;
GSA6_DTS_VL1824;2018;0;292;vess;AER-FDI;;;;;;
GSA6_DTS_VL1824;2019;0;290;vess;AER-FDI;;;;;;
GSA6_DTS_VL2440;2008;0;146;vess;AER-FDI;;;;;;
GSA6_DTS_VL2440;2009;0;141;vess;AER-FDI;;;;;;
GSA6_DTS_VL2440;2010;0;128;vess;AER-FDI;;;;;;
GSA6_DTS_VL2440;2011;0;119;vess;AER-FDI;;;;;;
GSA6_DTS_VL2440;2012;0;112;vess;AER-FDI;;;;;;
GSA6_DTS_VL2440;2013;0;107;vess;AER-FDI;;;;;;
GSA6_DTS_VL2440;2014;0;106;vess;AER-FDI;;;;;;
GSA6_DTS_VL2440;2015;0;100;vess;AER-FDI;;;;;;
GSA6_DTS_VL2440;2016;0;93;vess;AER-FDI;;;;;;
GSA6_DTS_VL2440;2017;0;102;vess;AER-FDI;;;;;;
GSA6_DTS_VL2440;2018;0;126;vess;AER-FDI;;;;;;
GSA6_DTS_VL2440;2019;0;125;vess;AER-FDI;;;;;;
GSA6_HOK_VL0624;2008;0;42.71641791;vess;AER-FDI;;;;;;
GSA6_HOK_VL0624;2009;0;70.11940299;vess;AER-FDI;;;;;;
GSA6_HOK_VL0624;2010;0;65.48507463;vess;AER-FDI;;;;;;
GSA6_HOK_VL0624;2011;0;36.06716418;vess;AER-FDI;;;;;;
GSA6_HOK_VL0624;2012;0;40.5;vess;AER-FDI;;;;;;
GSA6_HOK_VL0624;2013;0;30.62686567;vess;AER-FDI;;;;;;
GSA6_HOK_VL0624;2014;0;30.2238806;vess;AER-FDI;;;;;;
GSA6_HOK_VL0624;2015;0;27;vess;AER-FDI;;;;;;
GSA6_HOK_VL0624;2016;0;37;vess;AER-FDI;;;;;;
GSA6_HOK_VL0624;2017;0;28;vess;AER-FDI;;;;;;
GSA6_HOK_VL0624;2018;0;109;vess;AER-FDI;;;;;;
GSA6_HOK_VL0624;2019;0;107;vess;AER-FDI;;;;;;
GSA6_PGP_VL0018;2008;0;319;vess;ASSESSMENT HKE;;;;;;
GSA6_PGP_VL0018;2009;0;319;vess;ASSESSMENT HKE;;;;;;
GSA6_PGP_VL0018;2010;0;319;vess;ASSESSMENT HKE;;;;;;
GSA6_PGP_VL0018;2011;0;319;vess;ASSESSMENT HKE;;;;;;
GSA6_PGP_VL0018;2012;0;319;vess;ASSESSMENT HKE;;;;;;
GSA6_PGP_VL0018;2013;0;319;vess;ASSESSMENT HKE;;;;;;
GSA6_PGP_VL0018;2014;0;319;vess;ASSESSMENT HKE;;;;;;
GSA6_PGP_VL0018;2015;0;319;vess;ASSESSMENT HKE;;;;;;
GSA6_PGP_VL0018;2016;0;319;vess;ASSESSMENT HKE;;;;;;
GSA6_PGP_VL0018;2017;0;319;vess;ASSESSMENT HKE;;;;;;
GSA6_PGP_VL0018;2018;0;319;vess;ASSESSMENT HKE;;;;;;
GSA6_PGP_VL0018;2019;0;319;vess;ASSESSMENT HKE;;;;;;
;;;;;;;;;;;
;;;;;;;;;;;
;;;;;;;;;;;
;;;;;;;;;;;
;;;;;;;;;;;
;;;;;;;;;;;
;;;;;;;;;;;
;;;;;;;;;;;
;;;;;;;;;;;
;;;;;;;;;;;
;;;;;;;;;;;
;;;;;;;;;;;
;;;;;;;;;;;
;;;;;;;;;;;
;;;;;;;;;;;
;;;;;;;;;;;
;;;;;;;;;;;
;;;;;;;;;;;
;;;;;;;;;;;
;;;;;;;;;;;
;;;;;;;;;;;
;;;;;;;;;;;
;;;;;;;;;;;
;;;;;;;;;;;
;;;;;;;;;;;
;;;;;;;;;;;
;;;;;;;;;;;
;;;;;;;;;;;
;;;;;;;;;;;
;;;;;;;;;;;
;;;;;;;;;;;
;;;;;;;;;;;
;;;;;;;;;;;
;;;;;;;;;;;
;;;;;;;;;;;
;;;;;;;;;;;
;;;;;;;;;;;
;;;;;;;;;;;
;;;;;;;;;;;
;;;;;;;;;;;
;;;;;;;;;;;
;;;;;;;;;;;
;;;;;;;;;;;
;;;;;;;;;;;
;;;;;;;;;;;
;;;;;;;;;;;
;;;;;;;;;;;
;;;;;;;;;;;
;;;;;;;;;;;
;;;;;;;;;;;
;;;;;;;;;;;
;;;;;;;;;;;
;;;;;;;;;;;
;;;;;;;;;;;
;;;;;;;;;;;
;;;;;;;;;;;
;;;;;;;;;;;
;;;;;;;;;;;
;;;;;;;;;;;
;;;;;;;;;;;
;;;;;;;;;;;
;;;;;;;;;;;
;;;;;;;;;;;
;;;;;;;;;;;
;;;;;;;;;;;
;;;;;;;;;;;
;;;;;;;;;;;
;;;;;;;;;;;
;;;;;;;;;;;
;;;;;;;;;;;
;;;;;;;;;;;
;;;;;;;;;;;
;;;;;;;;;;;
;;;;;;;;;;;
;;;;;;;;;;;
;;;;;;;;;;;
;;;;;;;;;;;
;;;;;;;;;;;
;;;;;;;;;;;
;;;;;;;;;;;
;;;;;;;;;;;
;;;;;;;;;;;
;;;;;;;;;;;
;;;;;;;;;;;
;;;;;;;;;;;
;;;;;;;;;;;
;;;;;;;;;;;
;;;;;;;;;;;
;;;;;;;;;;;
;;;;;;;;;;;
;;;;;;;;;;;
;;;;;;;;;;;
;;;;;;;;;;;
;;;;;;;;;;;
;;;;;;;;;;;
;;;;;;;;;;;
;;;;;;;;;;;
;;;;;;;;;;;
;;;;;;;;;;;
;;;;;;;;;;;
;;;;;;;;;;;
;;;;;;;;;;;
;;;;;;;;;;;
;;;;;;;;;;;
;;;;;;;;;;;
;;;;;;;;;;;
;;;;;;;;;;;
;;;;;;;;;;;
;;;;;;;;;;;
;;;;;;;;;;;
;;;;;;;;;;;
;;;;;;;;;;;
;;;;;;;;;;;
;;;;;;;;;;;
;;;;;;;;;;;
;;;;;;;;;;;
;;;;;;;;;;;
;;;;;;;;;;;10
;;;;;;;;;;;
;;;;;;;;;;;
;;;;;;;;;;;
;;;;;;;;;;;
;;;;;;;;;;;
;;;;;;;;;;;
;;;;;;;;;;;
;;;;;;;;;;;
;;;;;;;;;;;
;;;;;;;;;;;
;;;;;;;;;;;
;;;;;;;;;;;
;;;;;;;;;;;
;;;;;;;;;;;
;;;;;;;;;;;
;;;;;;;;;;;
;;;;;;;;;;;
;;;;;;;;;;;
;;;;;;;;;;;
;;;;;;;;;;;
;;;;;;;;;;;
;;;;;;;;;;;
;;;;;;;;;;;
;;;;;;;;;;;
;;;;;;;;;;;
;;;;;;;;;;;
;;;;;;;;;;;
;;;;;;;;;;;
;;;;;;;;;;;
;;;;;;;;;;;
;;;;;;;;;;;
;;;;;;;;;;;
;;;;;;;;;;;
;;;;;;;;;;;
;;;;;;;;;;;
;;;;;;;;;;;
;;;;;;;;;;;
;;;;;;;;;;;
;;;;;;;;;;;
;;;;;;;;;;;
;;;;;;;;;;;
;;;;;;;;;;;
;;;;;;;;;;;
;;;;;;;;;;;
;;;;;;;;;;;
;;;;;;;;;;;
;;;;;;;;;;;
;;;;;;;;;;;
;;;;;;;;;;;
;;;;;;;;;;;
;;;;;;;;;;;
;;;;;;;;;;;
;;;;;;;;;;;
;;;;;;;;;;;
;;;;;;;;;;;
;;;;;;;;;;;
;;;;;;;;;;;
FriuliVeneziaGiulia_PS;2015;4;NA;Vessels;;;;;;;
FriuliVeneziaGiulia_PS;2015;6;NA;Vessels;;;;;;;
FriuliVeneziaGiulia_PS;2015;9;NA;Vessels;;;;;;;
FriuliVeneziaGiulia_PS;2017;6;NA;Vessels;;;;;;;
FriuliVeneziaGiulia_PS;2018;1;NA;Vessels;;;;;;;
FriuliVeneziaGiulia_PS;2018;11;NA;Vessels;;;;;;;
FriuliVeneziaGiulia_PS;2018;12;NA;Vessels;;;;;;;
FriuliVeneziaGiulia_PS;2018;2;NA;Vessels;;;;;;;
FriuliVeneziaGiulia_PS;2018;3;NA;Vessels;;;;;;;
FriuliVeneziaGiulia_TBB;2005;0;12;Vessels;file MBL2 SOL_fishing capacity.xlsx;;;;;;
FriuliVeneziaGiulia_TBB;2006;0;13;Vessels;file MBL2 SOL_fishing capacity.xlsx;;;;;;
FriuliVeneziaGiulia_TBB;2007;0;13;Vessels;file MBL2 SOL_fishing capacity.xlsx;;;;;;
FriuliVeneziaGiulia_TBB;2008;0;13;Vessels;file MBL2 SOL_fishing capacity.xlsx;;;;;;
FriuliVeneziaGiulia_TBB;2009;0;13;Vessels;file MBL2 SOL_fishing capacity.xlsx;;;;;;
FriuliVeneziaGiulia_TBB;2010;0;13;Vessels;file MBL2 SOL_fishing capacity.xlsx;;;;;;
FriuliVeneziaGiulia_TBB;2011;0;12;Vessels;file MBL2 SOL_fishing capacity.xlsx;;;;;;
FriuliVeneziaGiulia_TBB;2012;0;11;Vessels;file MBL2 SOL_fishing capacity.xlsx;;;;;;
FriuliVeneziaGiulia_TBB;2013;0;11;Vessels;file MBL2 SOL_fishing capacity.xlsx;;;;;;
FriuliVeneziaGiulia_TBB;2014;0;6;Vessels;file MBL2 SOL_fishing capacity.xlsx;;;;;;
FriuliVeneziaGiulia_TBB;2015;0;7;Vessels;file MBL2 SOL_fishing capacity.xlsx;;;;;;
FriuliVeneziaGiulia_TBB;2016;0;7;Vessels;file MBL2 SOL_fishing capacity.xlsx;;;;;;
FriuliVeneziaGiulia_TBB;2017;0;7;Vessels;file MBL2 SOL_fishing capacity.xlsx;;;;;;
FriuliVeneziaGiulia_TBB;2018;0;5;Vessels;file MBL2 SOL_fishing capacity.xlsx;;;;;;
FriuliVeneziaGiulia_TM;2005;10;NA;Vessels;;;;;;;
FriuliVeneziaGiulia_TM;2005;11;NA;Vessels;;;;;;;
FriuliVeneziaGiulia_TM;2005;5;NA;Vessels;;;;;;;
FriuliVeneziaGiulia_TM;2012;10;NA;Vessels;;;;;;;
FriuliVeneziaGiulia_TM;2012;11;NA;Vessels;;;;;;;
FriuliVeneziaGiulia_TM;2012;12;NA;Vessels;;;;;;;
FriuliVeneziaGiulia_TM;2012;8;NA;Vessels;;;;;;;
FriuliVeneziaGiulia_TM;2013;1;NA;Vessels;;;;;;;
FriuliVeneziaGiulia_TM;2013;10;NA;Vessels;;;;;;;
FriuliVeneziaGiulia_TM;2013;11;NA;Vessels;;;;;;;
FriuliVeneziaGiulia_TM;2013;12;NA;Vessels;;;;;;;
FriuliVeneziaGiulia_TM;2013;6;NA;Vessels;;;;;;;
FriuliVeneziaGiulia_TM;2013;9;NA;Vessels;;;;;;;
FriuliVeneziaGiulia_TM;2014;1;NA;Vessels;;;;;;;
FriuliVeneziaGiulia_TM;2014;10;NA;Vessels;;;;;;;
FriuliVeneziaGiulia_TM;2014;11;NA;Vessels;;;;;;;
FriuliVeneziaGiulia_TM;2014;12;NA;Vessels;;;;;;;
FriuliVeneziaGiulia_TM;2014;2;NA;Vessels;;;;;;;
FriuliVeneziaGiulia_TM;2014;3;NA;Vessels;;;;;;;
FriuliVeneziaGiulia_TM;2014;4;NA;Vessels;;;;;;;
FriuliVeneziaGiulia_TM;2014;5;NA;Vessels;;;;;;;
FriuliVeneziaGiulia_TM;2014;6;NA;Vessels;;;;;;;
FriuliVeneziaGiulia_TM;2014;7;NA;Vessels;;;;;;;
FriuliVeneziaGiulia_TM;2014;9;NA;Vessels;;;;;;;
FriuliVeneziaGiulia_TM;2015;1;NA;Vessels;;;;;;;
FriuliVeneziaGiulia_TM;2015;10;NA;Vessels;;;;;;;
FriuliVeneziaGiulia_TM;2015;11;NA;Vessels;;;;;;;
FriuliVeneziaGiulia_TM;2015;12;NA;Vessels;;;;;;;
FriuliVeneziaGiulia_TM;2015;2;NA;Vessels;;;;;;;
FriuliVeneziaGiulia_TM;2015;3;NA;Vessels;;;;;;;
FriuliVeneziaGiulia_TM;2015;4;NA;Vessels;;;;;;;
FriuliVeneziaGiulia_TM;2015;5;NA;Vessels;;;;;;;
FriuliVeneziaGiulia_TM;2015;6;NA;Vessels;;;;;;;
FriuliVeneziaGiulia_TM;2015;7;NA;Vessels;;;;;;;
FriuliVeneziaGiulia_TM;2015;9;NA;Vessels;;;;;;;
FriuliVeneziaGiulia_TM;2016;1;NA;Vessels;;;;;;;
FriuliVeneziaGiulia_TM;2016;10;NA;Vessels;;;;;;;
FriuliVeneziaGiulia_TM;2016;11;NA;Vessels;;;;;;;
FriuliVeneziaGiulia_TM;2016;12;NA;Vessels;;;;;;;
FriuliVeneziaGiulia_TM;2016;2;NA;Vessels;;;;;;;
FriuliVeneziaGiulia_TM;2016;3;NA;Vessels;;;;;;;
FriuliVeneziaGiulia_TM;2016;4;NA;Vessels;;;;;;;
FriuliVeneziaGiulia_TM;2016;5;NA;Vessels;;;;;;;
FriuliVeneziaGiulia_TM;2016;6;NA;Vessels;;;;;;;
FriuliVeneziaGiulia_TM;2016;7;NA;Vessels;;;;;;;
FriuliVeneziaGiulia_TM;2016;9;NA;Vessels;;;;;;;
Marche_DRB;2017;4;NA;Vessels;;;;;;;
Marche_DRB;2018;1;NA;Vessels;;;;;;;
Marche_DRB;2018;3;NA;Vessels;;;;;;;
Marche_DRB;2018;4;NA;Vessels;;;;;;;
Marche_DTS;2005;0;232;Vessels;file MBL2 SOL_fishing capacity.xlsx;;;;;;
Marche_DTS;2006;0;191;Vessels;file MBL2 SOL_fishing capacity.xlsx;;;;;;
Marche_DTS;2007;0;174;Vessels;file MBL2 SOL_fishing capacity.xlsx;;;;;;
Marche_DTS;2008;0;173;Vessels;file MBL2 SOL_fishing capacity.xlsx;;;;;;
Marche_DTS;2009;0;172;Vessels;file MBL2 SOL_fishing capacity.xlsx;;;;;;
Marche_DTS;2010;0;174;Vessels;file MBL2 SOL_fishing capacity.xlsx;;;;;;
Marche_DTS;2011;0;160;Vessels;file MBL2 SOL_fishing capacity.xlsx;;;;;;
Marche_DTS;2012;0;176;Vessels;file MBL2 SOL_fishing capacity.xlsx;;;;;;
Marche_DTS;2013;0;167;Vessels;file MBL2 SOL_fishing capacity.xlsx;;;;;;
Marche_DTS;2014;0;134;Vessels;file MBL2 SOL_fishing capacity.xlsx;;;;;;
Marche_DTS;2015;0;148;Vessels;file MBL2 SOL_fishing capacity.xlsx;;;;;;
Marche_DTS;2016;0;148;Vessels;file MBL2 SOL_fishing capacity.xlsx;;;;;;
Marche_DTS;2017;0;261;Vessels;file MBL2 SOL_fishing capacity.xlsx;;;;;;
Marche_DTS;2018;0;126;Vessels;file MBL2 SOL_fishing capacity.xlsx;;;;;;
Marche_PGP;2005;0;489;Vessels;file MBL2 SOL_fishing capacity.xlsx;;;;;;
Marche_PGP;2006;0;479;Vessels;file MBL2 SOL_fishing capacity.xlsx;;;;;;
Marche_PGP;2007;0;467;Vessels;file MBL2 SOL_fishing capacity.xlsx;;;;;;
Marche_PGP;2008;0;465;Vessels;file MBL2 SOL_fishing capacity.xlsx;;;;;;
Marche_PGP;2009;0;460;Vessels;file MBL2 SOL_fishing capacity.xlsx;;;;;;
Marche_PGP;2010;0;452;Vessels;file MBL2 SOL_fishing capacity.xlsx;;;;;;
Marche_PGP;2011;0;445;Vessels;file MBL2 SOL_fishing capacity.xlsx;;;;;;
Marche_PGP;2012;0;422;Vessels;file MBL2 SOL_fishing capacity.xlsx;;;;;;
Marche_PGP;2013;0;424;Vessels;file MBL2 SOL_fishing capacity.xlsx;;;;;;
Marche_PGP;2014;0;387;Vessels;file MBL2 SOL_fishing capacity.xlsx;;;;;;
Marche_PGP;2015;0;387;Vessels;file MBL2 SOL_fishing capacity.xlsx;;;;;;
Marche_PGP;2016;0;385;Vessels;file MBL2 SOL_fishing capacity.xlsx;;;;;;
Marche_PGP;2017;0;272;Vessels;file MBL2 SOL_fishing capacity.xlsx;;;;;;
Marche_PGP;2018;0;400;Vessels;file MBL2 SOL_fishing capacity.xlsx;;;;;;
Marche_TBB;2005;0;14;Vessels;file MBL2 SOL_fishing capacity.xlsx;;;;;;
Marche_TBB;2006;0;12;Vessels;file MBL2 SOL_fishing capacity.xlsx;;;;;;
Marche_TBB;2007;0;12;Vessels;file MBL2 SOL_fishing capacity.xlsx;;;;;;
Marche_TBB;2008;0;13;Vessels;file MBL2 SOL_fishing capacity.xlsx;;;;;;
Marche_TBB;2009;0;15;Vessels;file MBL2 SOL_fishing capacity.xlsx;;;;;;
Marche_TBB;2010;0;14;Vessels;file MBL2 SOL_fishing capacity.xlsx;;;;;;
Marche_TBB;2011;0;14;Vessels;file MBL2 SOL_fishing capacity.xlsx;;;;;;
Marche_TBB;2012;0;14;Vessels;file MBL2 SOL_fishing capacity.xlsx;;;;;;
Marche_TBB;2013;0;14;Vessels;file MBL2 SOL_fishing capacity.xlsx;;;;;;
Marche_TBB;2014;0;10;Vessels;file MBL2 SOL_fishing capacity.xlsx;;;;;;
Marche_TBB;2015;0;11;Vessels;file MBL2 SOL_fishing capacity.xlsx;;;;;;
Marche_TBB;2016;0;11;Vessels;file MBL2 SOL_fishing capacity.xlsx;;;;;;
Marche_TBB;2017;0;10;Vessels;file MBL2 SOL_fishing capacity.xlsx;;;;;;
Marche_TBB;2018;0;18;Vessels;file MBL2 SOL_fishing capacity.xlsx;;;;;;
Marche_TM;2005;3;NA;Vessels;;;;;;;
Marche_TM;2005;4;NA;Vessels;;;;;;;
Marche_TM;2015;11;NA;Vessels;;;;;;;
Marche_TM;2015;12;NA;Vessels;;;;;;;
Marche_TM;2018;10;NA;Vessels;;;;;;;
Molise_DTS;2005;0;26;Vessels;file MBL2 SOL_fishing capacity.xlsx;;;;;;
Molise_DTS;2006;0;23;Vessels;file MBL2 SOL_fishing capacity.xlsx;;;;;;
Molise_DTS;2007;0;27;Vessels;file MBL2 SOL_fishing capacity.xlsx;;;;;;
Molise_DTS;2008;0;30;Vessels;file MBL2 SOL_fishing capacity.xlsx;;;;;;
Molise_DTS;2009;0;29;Vessels;file MBL2 SOL_fishing capacity.xlsx;;;;;;
Molise_DTS;2010;0;32;Vessels;file MBL2 SOL_fishing capacity.xlsx;;;;;;
Molise_DTS;2011;0;34;Vessels;file MBL2 SOL_fishing capacity.xlsx;;;;;;
Molise_DTS;2012;0;34;Vessels;file MBL2 SOL_fishing capacity.xlsx;;;;;;
Molise_DTS;2013;0;33;Vessels;file MBL2 SOL_fishing capacity.xlsx;;;;;;
Molise_DTS;2014;0;29;Vessels;file MBL2 SOL_fishing capacity.xlsx;;;;;;
Molise_DTS;2015;0;36;Vessels;file MBL2 SOL_fishing capacity.xlsx;;;;;;
Molise_DTS;2016;0;39;Vessels;file MBL2 SOL_fishing capacity.xlsx;;;;;;
Molise_DTS;2017;0;33;Vessels;file MBL2 SOL_fishing capacity.xlsx;;;;;;
Molise_DTS;2018;0;36;Vessels;file MBL2 SOL_fishing capacity.xlsx;;;;;;
Puglia adriatica_DTS;2005;1;NA;Vessels;file MBL2 SOL_fishing capacity.xlsx;;;;;;
Puglia adriatica_DTS;2005;10;NA;Vessels;file MBL2 SOL_fishing capacity.xlsx;;;;;;
Puglia adriatica_DTS;2005;12;NA;Vessels;file MBL2 SOL_fishing capacity.xlsx;;;;;;
Puglia adriatica_DTS;2005;2;NA;Vessels;file MBL2 SOL_fishing capacity.xlsx;;;;;;
Puglia adriatica_DTS;2005;3;NA;Vessels;file MBL2 SOL_fishing capacity.xlsx;;;;;;
Puglia adriatica_DTS;2005;4;NA;Vessels;file MBL2 SOL_fishing capacity.xlsx;;;;;;
Puglia adriatica_DTS;2005;5;NA;Vessels;file MBL2 SOL_fishing capacity.xlsx;;;;;;
Puglia adriatica_DTS;2005;6;NA;Vessels;file MBL2 SOL_fishing capacity.xlsx;;;;;;
Puglia adriatica_DTS;2005;7;NA;Vessels;file MBL2 SOL_fishing capacity.xlsx;;;;;;
Puglia adriatica_DTS;2005;8;NA;Vessels;file MBL2 SOL_fishing capacity.xlsx;;;;;;
Puglia adriatica_DTS;2005;9;NA;Vessels;file MBL2 SOL_fishing capacity.xlsx;;;;;;
Puglia adriatica_DTS;2006;1;NA;Vessels;file MBL2 SOL_fishing capacity.xlsx;;;;;;
Puglia adriatica_DTS;2006;10;NA;Vessels;file MBL2 SOL_fishing capacity.xlsx;;;;;;
Puglia adriatica_DTS;2006;12;NA;Vessels;file MBL2 SOL_fishing capacity.xlsx;;;;;;
Puglia adriatica_DTS;2006;3;NA;Vessels;file MBL2 SOL_fishing capacity.xlsx;;;;;;
Puglia adriatica_DTS;2006;4;NA;Vessels;file MBL2 SOL_fishing capacity.xlsx;;;;;;
Puglia adriatica_DTS;2006;5;NA;Vessels;file MBL2 SOL_fishing capacity.xlsx;;;;;;
Puglia adriatica_DTS;2006;6;NA;Vessels;file MBL2 SOL_fishing capacity.xlsx;;;;;;
Puglia adriatica_DTS;2006;7;NA;Vessels;file MBL2 SOL_fishing capacity.xlsx;;;;;;
Puglia adriatica_DTS;2006;8;NA;Vessels;file MBL2 SOL_fishing capacity.xlsx;;;;;;
Puglia adriatica_DTS;2006;9;NA;Vessels;file MBL2 SOL_fishing capacity.xlsx;;;;;;
Puglia adriatica_DTS;2007;1;NA;Vessels;file MBL2 SOL_fishing capacity.xlsx;;;;;;
Puglia adriatica_DTS;2007;10;NA;Vessels;file MBL2 SOL_fishing capacity.xlsx;;;;;;
Puglia adriatica_DTS;2007;11;NA;Vessels;file MBL2 SOL_fishing capacity.xlsx;;;;;;
Puglia adriatica_DTS;2007;12;NA;Vessels;file MBL2 SOL_fishing capacity.xlsx;;;;;;
Puglia adriatica_DTS;2007;2;NA;Vessels;file MBL2 SOL_fishing capacity.xlsx;;;;;;
Puglia adriatica_DTS;2007;3;NA;Vessels;file MBL2 SOL_fishing capacity.xlsx;;;;;;
Puglia adriatica_DTS;2007;4;NA;Vessels;file MBL2 SOL_fishing capacity.xlsx;;;;;;
Puglia adriatica_DTS;2007;5;NA;Vessels;file MBL2 SOL_fishing capacity.xlsx;;;;;;
Puglia adriatica_DTS;2007;6;NA;Vessels;file MBL2 SOL_fishing capacity.xlsx;;;;;;
Puglia adriatica_DTS;2007;7;NA;Vessels;file MBL2 SOL_fishing capacity.xlsx;;;;;;
Puglia adriatica_DTS;2007;8;NA;Vessels;file MBL2 SOL_fishing capacity.xlsx;;;;;;
Puglia adriatica_DTS;2007;9;NA;Vessels;file MBL2 SOL_fishing capacity.xlsx;;;;;;
Puglia adriatica_DTS;2008;1;NA;Vessels;file MBL2 SOL_fishing capacity.xlsx;;;;;;
Puglia adriatica_DTS;2008;3;NA;Vessels;file MBL2 SOL_fishing capacity.xlsx;;;;;;
Puglia adriatica_DTS;2008;4;NA;Vessels;file MBL2 SOL_fishing capacity.xlsx;;;;;;
Puglia adriatica_DTS;2008;5;NA;Vessels;file MBL2 SOL_fishing capacity.xlsx;;;;;;
Puglia adriatica_DTS;2008;6;NA;Vessels;file MBL2 SOL_fishing capacity.xlsx;;;;;;
Puglia adriatica_DTS;2008;7;NA;Vessels;file MBL2 SOL_fishing capacity.xlsx;;;;;;
Puglia adriatica_DTS;2008;8;NA;Vessels;file MBL2 SOL_fishing capacity.xlsx;;;;;;
Puglia adriatica_DTS;2009;11;NA;Vessels;file MBL2 SOL_fishing capacity.xlsx;;;;;;
Puglia adriatica_DTS;2009;2;NA;Vessels;file MBL2 SOL_fishing capacity.xlsx;;;;;;
Puglia adriatica_DTS;2009;3;NA;Vessels;file MBL2 SOL_fishing capacity.xlsx;;;;;;
Puglia adriatica_DTS;2009;4;NA;Vessels;file MBL2 SOL_fishing capacity.xlsx;;;;;;
Puglia adriatica_DTS;2009;8;NA;Vessels;file MBL2 SOL_fishing capacity.xlsx;;;;;;
Puglia adriatica_DTS;2009;9;NA;Vessels;file MBL2 SOL_fishing capacity.xlsx;;;;;;
Puglia adriatica_DTS;2010;10;NA;Vessels;file MBL2 SOL_fishing capacity.xlsx;;;;;;
Puglia adriatica_DTS;2010;6;NA;Vessels;file MBL2 SOL_fishing capacity.xlsx;;;;;;
Puglia adriatica_DTS;2010;7;NA;Vessels;file MBL2 SOL_fishing capacity.xlsx;;;;;;
Puglia adriatica_DTS;2010;8;NA;Vessels;file MBL2 SOL_fishing capacity.xlsx;;;;;;
Puglia adriatica_DTS;2010;9;NA;Vessels;file MBL2 SOL_fishing capacity.xlsx;;;;;;
Puglia adriatica_DTS;2011;1;NA;Vessels;file MBL2 SOL_fishing capacity.xlsx;;;;;;
Puglia adriatica_DTS;2011;11;NA;Vessels;file MBL2 SOL_fishing capacity.xlsx;;;;;;
Puglia adriatica_DTS;2011;12;NA;Vessels;file MBL2 SOL_fishing capacity.xlsx;;;;;;
Puglia adriatica_DTS;2011;2;NA;Vessels;file MBL2 SOL_fishing capacity.xlsx;;;;;;
Puglia adriatica_DTS;2011;3;NA;Vessels;file MBL2 SOL_fishing capacity.xlsx;;;;;;
Puglia adriatica_DTS;2011;5;NA;Vessels;file MBL2 SOL_fishing capacity.xlsx;;;;;;
Puglia adriatica_DTS;2011;6;NA;Vessels;file MBL2 SOL_fishing capacity.xlsx;;;;;;
Puglia adriatica_DTS;2011;7;NA;Vessels;file MBL2 SOL_fishing capacity.xlsx;;;;;;
Puglia adriatica_DTS;2012;10;NA;Vessels;file MBL2 SOL_fishing capacity.xlsx;;;;;;
Puglia adriatica_DTS;2013;1;NA;Vessels;file MBL2 SOL_fishing capacity.xlsx;;;;;;
Puglia adriatica_DTS;2013;10;NA;Vessels;file MBL2 SOL_fishing capacity.xlsx;;;;;;
Puglia adriatica_DTS;2013;11;NA;Vessels;file MBL2 SOL_fishing capacity.xlsx;;;;;;
Puglia adriatica_DTS;2013;12;NA;Vessels;file MBL2 SOL_fishing capacity.xlsx;;;;;;
Puglia adriatica_DTS;2013;2;NA;Vessels;file MBL2 SOL_fishing capacity.xlsx;;;;;;
Puglia adriatica_DTS;2013;3;NA;Vessels;file MBL2 SOL_fishing capacity.xlsx;;;;;;
Puglia adriatica_DTS;2013;4;NA;Vessels;file MBL2 SOL_fishing capacity.xlsx;;;;;;
Puglia adriatica_DTS;2013;5;NA;Vessels;file MBL2 SOL_fishing capacity.xlsx;;;;;;
Puglia adriatica_DTS;2013;6;NA;Vessels;file MBL2 SOL_fishing capacity.xlsx;;;;;;
Puglia adriatica_DTS;2013;7;NA;Vessels;file MBL2 SOL_fishing capacity.xlsx;;;;;;
Puglia adriatica_DTS;2013;8;NA;Vessels;file MBL2 SOL_fishing capacity.xlsx;;;;;;
Puglia adriatica_DTS;2013;9;NA;Vessels;file MBL2 SOL_fishing capacity.xlsx;;;;;;
Puglia adriatica_DTS;2014;1;NA;Vessels;file MBL2 SOL_fishing capacity.xlsx;;;;;;
Puglia adriatica_DTS;2014;10;NA;Vessels;file MBL2 SOL_fishing capacity.xlsx;;;;;;
Puglia adriatica_DTS;2014;11;NA;Vessels;file MBL2 SOL_fishing capacity.xlsx;;;;;;
Puglia adriatica_DTS;2014;12;NA;Vessels;file MBL2 SOL_fishing capacity.xlsx;;;;;;
Puglia adriatica_DTS;2014;2;NA;Vessels;file MBL2 SOL_fishing capacity.xlsx;;;;;;
Puglia adriatica_DTS;2014;3;NA;Vessels;file MBL2 SOL_fishing capacity.xlsx;;;;;;
Puglia adriatica_DTS;2014;4;NA;Vessels;file MBL2 SOL_fishing capacity.xlsx;;;;;;
Puglia adriatica_DTS;2014;5;NA;Vessels;file MBL2 SOL_fishing capacity.xlsx;;;;;;
Puglia adriatica_DTS;2014;6;NA;Vessels;file MBL2 SOL_fishing capacity.xlsx;;;;;;
Puglia adriatica_DTS;2014;7;NA;Vessels;file MBL2 SOL_fishing capacity.xlsx;;;;;;
Puglia adriatica_DTS;2014;8;NA;Vessels;file MBL2 SOL_fishing capacity.xlsx;;;;;;
Puglia adriatica_DTS;2014;9;NA;Vessels;file MBL2 SOL_fishing capacity.xlsx;;;;;;
Puglia adriatica_DTS;2015;1;NA;Vessels;file MBL2 SOL_fishing capacity.xlsx;;;;;;
Puglia adriatica_DTS;2015;10;NA;Vessels;file MBL2 SOL_fishing capacity.xlsx;;;;;;
Puglia adriatica_DTS;2015;11;NA;Vessels;file MBL2 SOL_fishing capacity.xlsx;;;;;;
Puglia adriatica_DTS;2015;12;NA;Vessels;file MBL2 SOL_fishing capacity.xlsx;;;;;;
Puglia adriatica_DTS;2015;2;NA;Vessels;file MBL2 SOL_fishing capacity.xlsx;;;;;;
Puglia adriatica_DTS;2015;3;NA;Vessels;file MBL2 SOL_fishing capacity.xlsx;;;;;;
Puglia adriatica_DTS;2015;4;NA;Vessels;file MBL2 SOL_fishing capacity.xlsx;;;;;;
Puglia adriatica_DTS;2015;5;NA;Vessels;file MBL2 SOL_fishing capacity.xlsx;;;;;;
Puglia adriatica_DTS;2015;6;NA;Vessels;file MBL2 SOL_fishing capacity.xlsx;;;;;;
Puglia adriatica_DTS;2015;7;NA;Vessels;file MBL2 SOL_fishing capacity.xlsx;;;;;;
Puglia adriatica_DTS;2015;8;NA;Vessels;file MBL2 SOL_fishing capacity.xlsx;;;;;;
Puglia adriatica_DTS;2015;9;NA;Vessels;file MBL2 SOL_fishing capacity.xlsx;;;;;;
Puglia adriatica_DTS;2016;1;NA;Vessels;file MBL2 SOL_fishing capacity.xlsx;;;;;;
Puglia adriatica_DTS;2016;10;NA;Vessels;file MBL2 SOL_fishing capacity.xlsx;;;;;;
Puglia adriatica_DTS;2016;11;NA;Vessels;file MBL2 SOL_fishing capacity.xlsx;;;;;;
Puglia adriatica_DTS;2016;12;NA;Vessels;file MBL2 SOL_fishing capacity.xlsx;;;;;;
Puglia adriatica_DTS;2016;2;NA;Vessels;file MBL2 SOL_fishing capacity.xlsx;;;;;;
Puglia adriatica_DTS;2016;3;NA;Vessels;file MBL2 SOL_fishing capacity.xlsx;;;;;;
Puglia adriatica_DTS;2016;4;NA;Vessels;file MBL2 SOL_fishing capacity.xlsx;;;;;;
Puglia adriatica_DTS;2016;5;NA;Vessels;file MBL2 SOL_fishing capacity.xlsx;;;;;;
Puglia adriatica_DTS;2016;6;NA;Vessels;file MBL2 SOL_fishing capacity.xlsx;;;;;;
Puglia adriatica_DTS;2016;7;NA;Vessels;file MBL2 SOL_fishing capacity.xlsx;;;;;;
Puglia adriatica_DTS;2016;8;NA;Vessels;file MBL2 SOL_fishing capacity.xlsx;;;;;;
Puglia adriatica_DTS;2016;9;NA;Vessels;file MBL2 SOL_fishing capacity.xlsx;;;;;;
Puglia adriatica_DTS;2017;1;NA;Vessels;file MBL2 SOL_fishing capacity.xlsx;;;;;;
Puglia adriatica_DTS;2017;10;NA;Vessels;file MBL2 SOL_fishing capacity.xlsx;;;;;;
Puglia adriatica_DTS;2017;11;NA;Vessels;file MBL2 SOL_fishing capacity.xlsx;;;;;;
Puglia adriatica_DTS;2017;12;NA;Vessels;file MBL2 SOL_fishing capacity.xlsx;;;;;;
Puglia adriatica_DTS;2017;2;NA;Vessels;file MBL2 SOL_fishing capacity.xlsx;;;;;;
Puglia adriatica_DTS;2017;3;NA;Vessels;file MBL2 SOL_fishing capacity.xlsx;;;;;;
Puglia adriatica_DTS;2017;4;NA;Vessels;file MBL2 SOL_fishing capacity.xlsx;;;;;;
Puglia adriatica_DTS;2017;5;NA;Vessels;file MBL2 SOL_fishing capacity.xlsx;;;;;;
Puglia adriatica_DTS;2017;6;NA;Vessels;file MBL2 SOL_fishing capacity.xlsx;;;;;;
Puglia adriatica_DTS;2017;7;NA;Vessels;file MBL2 SOL_fishing capacity.xlsx;;;;;;
Puglia adriatica_DTS;2017;9;NA;Vessels;file MBL2 SOL_fishing capacity.xlsx;;;;;;
Puglia adriatica_DTS;2018;1;NA;Vessels;file MBL2 SOL_fishing capacity.xlsx;;;;;;
Puglia adriatica_DTS;2018;10;NA;Vessels;file MBL2 SOL_fishing capacity.xlsx;;;;;;
Puglia adriatica_DTS;2018;11;NA;Vessels;file MBL2 SOL_fishing capacity.xlsx;;;;;;
Puglia adriatica_DTS;2018;12;NA;Vessels;file MBL2 SOL_fishing capacity.xlsx;;;;;;
Puglia adriatica_DTS;2018;2;NA;Vessels;file MBL2 SOL_fishing capacity.xlsx;;;;;;
Puglia adriatica_DTS;2018;3;NA;Vessels;file MBL2 SOL_fishing capacity.xlsx;;;;;;
Puglia adriatica_DTS;2018;4;NA;Vessels;file MBL2 SOL_fishing capacity.xlsx;;;;;;
Puglia adriatica_DTS;2018;5;NA;Vessels;file MBL2 SOL_fishing capacity.xlsx;;;;;;
Puglia adriatica_DTS;2018;6;NA;Vessels;file MBL2 SOL_fishing capacity.xlsx;;;;;;
Puglia adriatica_DTS;2018;7;NA;Vessels;file MBL2 SOL_fishing capacity.xlsx;;;;;;
Puglia adriatica_DTS;2018;8;NA;Vessels;file MBL2 SOL_fishing capacity.xlsx;;;;;;
Puglia adriatica_DTS;2018;9;NA;Vessels;file MBL2 SOL_fishing capacity.xlsx;;;;;;
Puglia adriatica_PGP;2013;6;NA;Vessels;file MBL2 SOL_fishing capacity.xlsx;;;;;;
Puglia adriatica_PGP;2013;7;NA;Vessels;file MBL2 SOL_fishing capacity.xlsx;;;;;;
Puglia adriatica_PGP;2013;8;NA;Vessels;file MBL2 SOL_fishing capacity.xlsx;;;;;;
Puglia adriatica_PGP;2013;9;NA;Vessels;file MBL2 SOL_fishing capacity.xlsx;;;;;;
Puglia adriatica_PGP;2016;11;NA;Vessels;file MBL2 SOL_fishing capacity.xlsx;;;;;;
Puglia adriatica_PGP;2016;6;NA;Vessels;file MBL2 SOL_fishing capacity.xlsx;;;;;;
Puglia adriatica_PGP;2017;1;NA;Vessels;file MBL2 SOL_fishing capacity.xlsx;;;;;;
Puglia adriatica_PGP;2017;10;NA;Vessels;file MBL2 SOL_fishing capacity.xlsx;;;;;;
Puglia adriatica_PGP;2017;11;NA;Vessels;file MBL2 SOL_fishing capacity.xlsx;;;;;;
Puglia adriatica_PGP;2017;2;NA;Vessels;file MBL2 SOL_fishing capacity.xlsx;;;;;;
Puglia adriatica_PGP;2017;3;NA;Vessels;file MBL2 SOL_fishing capacity.xlsx;;;;;;
Puglia adriatica_PGP;2017;4;NA;Vessels;file MBL2 SOL_fishing capacity.xlsx;;;;;;
Puglia adriatica_PGP;2017;5;NA;Vessels;file MBL2 SOL_fishing capacity.xlsx;;;;;;
Puglia adriatica_PGP;2017;6;NA;Vessels;file MBL2 SOL_fishing capacity.xlsx;;;;;;
Puglia adriatica_PGP;2017;7;NA;Vessels;file MBL2 SOL_fishing capacity.xlsx;;;;;;
Puglia adriatica_PGP;2017;8;NA;Vessels;file MBL2 SOL_fishing capacity.xlsx;;;;;;
Puglia adriatica_PGP;2017;9;NA;Vessels;file MBL2 SOL_fishing capacity.xlsx;;;;;;
Puglia adriatica_PGP;2018;1;NA;Vessels;file MBL2 SOL_fishing capacity.xlsx;;;;;;
Puglia adriatica_PGP;2018;10;NA;Vessels;file MBL2 SOL_fishing capacity.xlsx;;;;;;
Puglia adriatica_PGP;2018;11;NA;Vessels;file MBL2 SOL_fishing capacity.xlsx;;;;;;
Puglia adriatica_PGP;2018;12;NA;Vessels;file MBL2 SOL_fishing capacity.xlsx;;;;;;
Puglia adriatica_PGP;2018;2;NA;Vessels;file MBL2 SOL_fishing capacity.xlsx;;;;;;
Puglia adriatica_PGP;2018;3;NA;Vessels;file MBL2 SOL_fishing capacity.xlsx;;;;;;
Puglia adriatica_PGP;2018;4;NA;Vessels;file MBL2 SOL_fishing capacity.xlsx;;;;;;
Puglia adriatica_PGP;2018;5;NA;Vessels;file MBL2 SOL_fishing capacity.xlsx;;;;;;
Puglia adriatica_PGP;2018;6;NA;Vessels;file MBL2 SOL_fishing capacity.xlsx;;;;;;
Puglia adriatica_PGP;2018;7;NA;Vessels;file MBL2 SOL_fishing capacity.xlsx;;;;;;
Puglia adriatica_PGP;2018;8;NA;Vessels;file MBL2 SOL_fishing capacity.xlsx;;;;;;
Puglia adriatica_PGP;2018;9;NA;Vessels;file MBL2 SOL_fishing capacity.xlsx;;;;;;
Puglia ionica_DTS;2013;1;NA;Vessels;file MBL2 SOL_fishing capacity.xlsx;;;;;;
Puglia ionica_DTS;2013;11;NA;Vessels;file MBL2 SOL_fishing capacity.xlsx;;;;;;
Puglia ionica_DTS;2013;12;NA;Vessels;file MBL2 SOL_fishing capacity.xlsx;;;;;;
Puglia ionica_DTS;2013;2;NA;Vessels;file MBL2 SOL_fishing capacity.xlsx;;;;;;
Puglia ionica_DTS;2013;3;NA;Vessels;file MBL2 SOL_fishing capacity.xlsx;;;;;;
Puglia ionica_DTS;2013;4;NA;Vessels;file MBL2 SOL_fishing capacity.xlsx;;;;;;
Puglia ionica_DTS;2013;5;NA;Vessels;file MBL2 SOL_fishing capacity.xlsx;;;;;;
Puglia ionica_DTS;2013;6;NA;Vessels;file MBL2 SOL_fishing capacity.xlsx;;;;;;
Puglia ionica_DTS;2013;7;NA;Vessels;file MBL2 SOL_fishing capacity.xlsx;;;;;;
Puglia ionica_DTS;2013;8;NA;Vessels;file MBL2 SOL_fishing capacity.xlsx;;;;;;
Puglia ionica_DTS;2013;9;NA;Vessels;file MBL2 SOL_fishing capacity.xlsx;;;;;;
Puglia ionica_DTS;2017;3;NA;Vessels;file MBL2 SOL_fishing capacity.xlsx;;;;;;
Puglia ionica_DTS;2017;5;NA;Vessels;file MBL2 SOL_fishing capacity.xlsx;;;;;;
Puglia ionica_DTS;2018;12;NA;Vessels;file MBL2 SOL_fishing capacity.xlsx;;;;;;
Puglia ionica_DTS;2018;3;NA;Vessels;file MBL2 SOL_fishing capacity.xlsx;;;;;;
Puglia ionica_DTS;2018;4;NA;Vessels;file MBL2 SOL_fishing capacity.xlsx;;;;;;
Puglia ionica_PGP;2005;1;NA;Vessels;file MBL2 SOL_fishing capacity.xlsx;;;;;;
Puglia ionica_PGP;2005;10;NA;Vessels;file MBL2 SOL_fishing capacity.xlsx;;;;;;
Puglia ionica_PGP;2005;11;NA;Vessels;file MBL2 SOL_fishing capacity.xlsx;;;;;;
Puglia ionica_PGP;2005;12;NA;Vessels;file MBL2 SOL_fishing capacity.xlsx;;;;;;
Puglia ionica_PGP;2005;2;NA;Vessels;file MBL2 SOL_fishing capacity.xlsx;;;;;;
Puglia ionica_PGP;2005;3;NA;Vessels;file MBL2 SOL_fishing capacity.xlsx;;;;;;
Puglia ionica_PGP;2005;4;NA;Vessels;file MBL2 SOL_fishing capacity.xlsx;;;;;;
Puglia ionica_PGP;2005;5;NA;Vessels;file MBL2 SOL_fishing capacity.xlsx;;;;;;
Puglia ionica_PGP;2005;6;NA;Vessels;file MBL2 SOL_fishing capacity.xlsx;;;;;;
Puglia ionica_PGP;2005;7;NA;Vessels;file MBL2 SOL_fishing capacity.xlsx;;;;;;
Puglia ionica_PGP;2005;8;NA;Vessels;file MBL2 SOL_fishing capacity.xlsx;;;;;;
Puglia ionica_PGP;2005;9;NA;Vessels;file MBL2 SOL_fishing capacity.xlsx;;;;;;
Puglia ionica_PGP;2006;1;NA;Vessels;file MBL2 SOL_fishing capacity.xlsx;;;;;;
Puglia ionica_PGP;2006;10;NA;Vessels;file MBL2 SOL_fishing capacity.xlsx;;;;;;
Puglia ionica_PGP;2006;11;NA;Vessels;file MBL2 SOL_fishing capacity.xlsx;;;;;;
Puglia ionica_PGP;2006;12;NA;Vessels;file MBL2 SOL_fishing capacity.xlsx;;;;;;
Puglia ionica_PGP;2006;2;NA;Vessels;file MBL2 SOL_fishing capacity.xlsx;;;;;;
Puglia ionica_PGP;2006;3;NA;Vessels;file MBL2 SOL_fishing capacity.xlsx;;;;;;
Puglia ionica_PGP;2006;4;NA;Vessels;file MBL2 SOL_fishing capacity.xlsx;;;;;;
Puglia ionica_PGP;2006;6;NA;Vessels;file MBL2 SOL_fishing capacity.xlsx;;;;;;
Puglia ionica_PGP;2006;7;NA;Vessels;file MBL2 SOL_fishing capacity.xlsx;;;;;;
Puglia ionica_PGP;2006;8;NA;Vessels;file MBL2 SOL_fishing capacity.xlsx;;;;;;
Puglia ionica_PGP;2006;9;NA;Vessels;file MBL2 SOL_fishing capacity.xlsx;;;;;;
Puglia ionica_PGP;2007;1;NA;Vessels;file MBL2 SOL_fishing capacity.xlsx;;;;;;
Puglia ionica_PGP;2007;10;NA;Vessels;file MBL2 SOL_fishing capacity.xlsx;;;;;;
Puglia ionica_PGP;2007;11;NA;Vessels;file MBL2 SOL_fishing capacity.xlsx;;;;;;
Puglia ionica_PGP;2007;12;NA;Vessels;file MBL2 SOL_fishing capacity.xlsx;;;;;;
Puglia ionica_PGP;2007;4;NA;Vessels;file MBL2 SOL_fishing capacity.xlsx;;;;;;
Puglia ionica_PGP;2007;6;NA;Vessels;file MBL2 SOL_fishing capacity.xlsx;;;;;;
Puglia ionica_PGP;2007;7;NA;Vessels;file MBL2 SOL_fishing capacity.xlsx;;;;;;
Puglia ionica_PGP;2007;8;NA;Vessels;file MBL2 SOL_fishing capacity.xlsx;;;;;;
Puglia ionica_PGP;2007;9;NA;Vessels;file MBL2 SOL_fishing capacity.xlsx;;;;;;
Puglia ionica_PGP;2008;1;NA;Vessels;file MBL2 SOL_fishing capacity.xlsx;;;;;;
Puglia ionica_PGP;2008;10;NA;Vessels;file MBL2 SOL_fishing capacity.xlsx;;;;;;
Puglia ionica_PGP;2008;11;NA;Vessels;file MBL2 SOL_fishing capacity.xlsx;;;;;;
Puglia ionica_PGP;2008;12;NA;Vessels;file MBL2 SOL_fishing capacity.xlsx;;;;;;
Puglia ionica_PGP;2008;3;NA;Vessels;file MBL2 SOL_fishing capacity.xlsx;;;;;;
Puglia ionica_PGP;2008;4;NA;Vessels;file MBL2 SOL_fishing capacity.xlsx;;;;;;
Puglia ionica_PGP;2008;6;NA;Vessels;file MBL2 SOL_fishing capacity.xlsx;;;;;;
Puglia ionica_PGP;2008;7;NA;Vessels;file MBL2 SOL_fishing capacity.xlsx;;;;;;
Puglia ionica_PGP;2008;8;NA;Vessels;file MBL2 SOL_fishing capacity.xlsx;;;;;;
Puglia ionica_PGP;2008;9;NA;Vessels;file MBL2 SOL_fishing capacity.xlsx;;;;;;
Puglia ionica_PGP;2009;1;NA;Vessels;file MBL2 SOL_fishing capacity.xlsx;;;;;;
Puglia ionica_PGP;2009;10;NA;Vessels;file MBL2 SOL_fishing capacity.xlsx;;;;;;
Puglia ionica_PGP;2009;4;NA;Vessels;file MBL2 SOL_fishing capacity.xlsx;;;;;;
Puglia ionica_PGP;2009;6;NA;Vessels;file MBL2 SOL_fishing capacity.xlsx;;;;;;
Puglia ionica_PGP;2009;7;NA;Vessels;file MBL2 SOL_fishing capacity.xlsx;;;;;;
Puglia ionica_PGP;2009;8;NA;Vessels;file MBL2 SOL_fishing capacity.xlsx;;;;;;
Puglia ionica_PGP;2009;9;NA;Vessels;file MBL2 SOL_fishing capacity.xlsx;;;;;;
Puglia ionica_PGP;2010;10;NA;Vessels;file MBL2 SOL_fishing capacity.xlsx;;;;;;
Puglia ionica_PGP;2010;11;NA;Vessels;file MBL2 SOL_fishing capacity.xlsx;;;;;;
Puglia ionica_PGP;2010;12;NA;Vessels;file MBL2 SOL_fishing capacity.xlsx;;;;;;
Puglia ionica_PGP;2010;3;NA;Vessels;file MBL2 SOL_fishing capacity.xlsx;;;;;;
Puglia ionica_PGP;2010;4;NA;Vessels;file MBL2 SOL_fishing capacity.xlsx;;;;;;
Puglia ionica_PGP;2010;5;NA;Vessels;file MBL2 SOL_fishing capacity.xlsx;;;;;;
Puglia ionica_PGP;2010;6;NA;Vessels;file MBL2 SOL_fishing capacity.xlsx;;;;;;
Puglia ionica_PGP;2010;8;NA;Vessels;file MBL2 SOL_fishing capacity.xlsx;;;;;;
Puglia ionica_PGP;2010;9;NA;Vessels;file MBL2 SOL_fishing capacity.xlsx;;;;;;
Puglia ionica_PGP;2011;1;NA;Vessels;file MBL2 SOL_fishing capacity.xlsx;;;;;;
Puglia ionica_PGP;2011;10;NA;Vessels;file MBL2 SOL_fishing capacity.xlsx;;;;;;
Puglia ionica_PGP;2011;11;NA;Vessels;file MBL2 SOL_fishing capacity.xlsx;;;;;;
Puglia ionica_PGP;2011;12;NA;Vessels;file MBL2 SOL_fishing capacity.xlsx;;;;;;
Puglia ionica_PGP;2011;2;NA;Vessels;file MBL2 SOL_fishing capacity.xlsx;;;;;;
Puglia ionica_PGP;2011;3;NA;Vessels;file MBL2 SOL_fishing capacity.xlsx;;;;;;
Puglia ionica_PGP;2011;4;NA;Vessels;file MBL2 SOL_fishing capacity.xlsx;;;;;;
Puglia ionica_PGP;2011;5;NA;Vessels;file MBL2 SOL_fishing capacity.xlsx;;;;;;
Puglia ionica_PGP;2011;6;NA;Vessels;file MBL2 SOL_fishing capacity.xlsx;;;;;;
Puglia ionica_PGP;2011;7;NA;Vessels;file MBL2 SOL_fishing capacity.xlsx;;;;;;
Puglia ionica_PGP;2011;8;NA;Vessels;file MBL2 SOL_fishing capacity.xlsx;;;;;;
Puglia ionica_PGP;2011;9;NA;Vessels;file MBL2 SOL_fishing capacity.xlsx;;;;;;
Puglia ionica_PGP;2012;1;NA;Vessels;file MBL2 SOL_fishing capacity.xlsx;;;;;;
Puglia ionica_PGP;2012;10;NA;Vessels;file MBL2 SOL_fishing capacity.xlsx;;;;;;
Puglia ionica_PGP;2012;11;NA;Vessels;file MBL2 SOL_fishing capacity.xlsx;;;;;;
Puglia ionica_PGP;2012;12;NA;Vessels;file MBL2 SOL_fishing capacity.xlsx;;;;;;
Puglia ionica_PGP;2012;2;NA;Vessels;file MBL2 SOL_fishing capacity.xlsx;;;;;;
Puglia ionica_PGP;2012;3;NA;Vessels;file MBL2 SOL_fishing capacity.xlsx;;;;;;
Puglia ionica_PGP;2012;4;NA;Vessels;file MBL2 SOL_fishing capacity.xlsx;;;;;;
Puglia ionica_PGP;2012;5;NA;Vessels;file MBL2 SOL_fishing capacity.xlsx;;;;;;
Puglia ionica_PGP;2012;6;NA;Vessels;file MBL2 SOL_fishing capacity.xlsx;;;;;;
Puglia ionica_PGP;2012;7;NA;Vessels;file MBL2 SOL_fishing capacity.xlsx;;;;;;
Puglia ionica_PGP;2012;8;NA;Vessels;file MBL2 SOL_fishing capacity.xlsx;;;;;;
Puglia ionica_PGP;2012;9;NA;Vessels;file MBL2 SOL_fishing capacity.xlsx;;;;;;
Puglia ionica_PGP;2013;1;NA;Vessels;file MBL2 SOL_fishing capacity.xlsx;;;;;;
Puglia ionica_PGP;2013;10;NA;Vessels;file MBL2 SOL_fishing capacity.xlsx;;;;;;
Puglia ionica_PGP;2013;11;NA;Vessels;file MBL2 SOL_fishing capacity.xlsx;;;;;;
Puglia ionica_PGP;2013;12;NA;Vessels;file MBL2 SOL_fishing capacity.xlsx;;;;;;
Puglia ionica_PGP;2013;2;NA;Vessels;file MBL2 SOL_fishing capacity.xlsx;;;;;;
Puglia ionica_PGP;2013;3;NA;Vessels;file MBL2 SOL_fishing capacity.xlsx;;;;;;
Puglia ionica_PGP;2013;4;NA;Vessels;file MBL2 SOL_fishing capacity.xlsx;;;;;;
Puglia ionica_PGP;2013;5;NA;Vessels;file MBL2 SOL_fishing capacity.xlsx;;;;;;
Puglia ionica_PGP;2013;6;NA;Vessels;file MBL2 SOL_fishing capacity.xlsx;;;;;;
Puglia ionica_PGP;2013;8;NA;Vessels;file MBL2 SOL_fishing capacity.xlsx;;;;;;
Puglia ionica_PGP;2013;9;NA;Vessels;file MBL2 SOL_fishing capacity.xlsx;;;;;;
Puglia ionica_PGP;2014;1;NA;Vessels;file MBL2 SOL_fishing capacity.xlsx;;;;;;
Puglia ionica_PGP;2014;10;NA;Vessels;file MBL2 SOL_fishing capacity.xlsx;;;;;;
Puglia ionica_PGP;2014;11;NA;Vessels;file MBL2 SOL_fishing capacity.xlsx;;;;;;
Puglia ionica_PGP;2014;12;NA;Vessels;file MBL2 SOL_fishing capacity.xlsx;;;;;;
Puglia ionica_PGP;2014;2;NA;Vessels;file MBL2 SOL_fishing capacity.xlsx;;;;;;
Puglia ionica_PGP;2014;3;NA;Vessels;file MBL2 SOL_fishing capacity.xlsx;;;;;;
Puglia ionica_PGP;2014;5;NA;Vessels;file MBL2 SOL_fishing capacity.xlsx;;;;;;
Puglia ionica_PGP;2014;6;NA;Vessels;file MBL2 SOL_fishing capacity.xlsx;;;;;;
Puglia ionica_PGP;2014;7;NA;Vessels;file MBL2 SOL_fishing capacity.xlsx;;;;;;
Puglia ionica_PGP;2014;8;NA;Vessels;file MBL2 SOL_fishing capacity.xlsx;;;;;;
Puglia ionica_PGP;2014;9;NA;Vessels;file MBL2 SOL_fishing capacity.xlsx;;;;;;
Puglia ionica_PGP;2015;1;NA;Vessels;file MBL2 SOL_fishing capacity.xlsx;;;;;;
Puglia ionica_PGP;2015;10;NA;Vessels;file MBL2 SOL_fishing capacity.xlsx;;;;;;
Puglia ionica_PGP;2015;11;NA;Vessels;file MBL2 SOL_fishing capacity.xlsx;;;;;;
Puglia ionica_PGP;2015;12;NA;Vessels;file MBL2 SOL_fishing capacity.xlsx;;;;;;
Puglia ionica_PGP;2015;2;NA;Vessels;file MBL2 SOL_fishing capacity.xlsx;;;;;;
Puglia ionica_PGP;2015;3;NA;Vessels;file MBL2 SOL_fishing capacity.xlsx;;;;;;
Puglia ionica_PGP;2015;4;NA;Vessels;file MBL2 SOL_fishing capacity.xlsx;;;;;;
Puglia ionica_PGP;2015;5;NA;Vessels;file MBL2 SOL_fishing capacity.xlsx;;;;;;
Puglia ionica_PGP;2015;8;NA;Vessels;file MBL2 SOL_fishing capacity.xlsx;;;;;;
Puglia ionica_PGP;2015;9;NA;Vessels;file MBL2 SOL_fishing capacity.xlsx;;;;;;
Puglia ionica_PGP;2016;1;NA;Vessels;file MBL2 SOL_fishing capacity.xlsx;;;;;;
Puglia ionica_PGP;2016;10;NA;Vessels;file MBL2 SOL_fishing capacity.xlsx;;;;;;
Puglia ionica_PGP;2016;11;NA;Vessels;file MBL2 SOL_fishing capacity.xlsx;;;;;;
Puglia ionica_PGP;2016;12;NA;Vessels;file MBL2 SOL_fishing capacity.xlsx;;;;;;
Puglia ionica_PGP;2016;2;NA;Vessels;file MBL2 SOL_fishing capacity.xlsx;;;;;;
Puglia ionica_PGP;2016;3;NA;Vessels;file MBL2 SOL_fishing capacity.xlsx;;;;;;
Puglia ionica_PGP;2016;4;NA;Vessels;file MBL2 SOL_fishing capacity.xlsx;;;;;;
Puglia ionica_PGP;2016;5;NA;Vessels;file MBL2 SOL_fishing capacity.xlsx;;;;;;
Puglia ionica_PGP;2016;9;NA;Vessels;file MBL2 SOL_fishing capacity.xlsx;;;;;;
Puglia ionica_PGP;2017;1;NA;Vessels;file MBL2 SOL_fishing capacity.xlsx;;;;;;
Puglia ionica_PGP;2017;10;NA;Vessels;file MBL2 SOL_fishing capacity.xlsx;;;;;;
Puglia ionica_PGP;2017;11;NA;Vessels;file MBL2 SOL_fishing capacity.xlsx;;;;;;
Puglia ionica_PGP;2017;12;NA;Vessels;file MBL2 SOL_fishing capacity.xlsx;;;;;;
Puglia ionica_PGP;2017;2;NA;Vessels;file MBL2 SOL_fishing capacity.xlsx;;;;;;
Puglia ionica_PGP;2017;3;NA;Vessels;file MBL2 SOL_fishing capacity.xlsx;;;;;;
Puglia ionica_PGP;2017;4;NA;Vessels;file MBL2 SOL_fishing capacity.xlsx;;;;;;
Puglia ionica_PGP;2017;5;NA;Vessels;file MBL2 SOL_fishing capacity.xlsx;;;;;;
Puglia ionica_PGP;2017;6;NA;Vessels;file MBL2 SOL_fishing capacity.xlsx;;;;;;
Puglia ionica_PGP;2017;7;NA;Vessels;file MBL2 SOL_fishing capacity.xlsx;;;;;;
Puglia ionica_PGP;2017;8;NA;Vessels;file MBL2 SOL_fishing capacity.xlsx;;;;;;
Puglia ionica_PGP;2017;9;NA;Vessels;file MBL2 SOL_fishing capacity.xlsx;;;;;;
Puglia ionica_PGP;2018;1;NA;Vessels;file MBL2 SOL_fishing capacity.xlsx;;;;;;
Puglia ionica_PGP;2018;10;NA;Vessels;file MBL2 SOL_fishing capacity.xlsx;;;;;;
Puglia ionica_PGP;2018;11;NA;Vessels;file MBL2 SOL_fishing capacity.xlsx;;;;;;
Puglia ionica_PGP;2018;12;NA;Vessels;file MBL2 SOL_fishing capacity.xlsx;;;;;;
Puglia ionica_PGP;2018;2;NA;Vessels;file MBL2 SOL_fishing capacity.xlsx;;;;;;
Puglia ionica_PGP;2018;3;NA;Vessels;file MBL2 SOL_fishing capacity.xlsx;;;;;;
Puglia ionica_PGP;2018;4;NA;Vessels;file MBL2 SOL_fishing capacity.xlsx;;;;;;
Puglia ionica_PGP;2018;5;NA;Vessels;file MBL2 SOL_fishing capacity.xlsx;;;;;;
Puglia ionica_PGP;2018;7;NA;Vessels;file MBL2 SOL_fishing capacity.xlsx;;;;;;
Puglia ionica_PGP;2018;8;NA;Vessels;file MBL2 SOL_fishing capacity.xlsx;;;;;;
Puglia ionica_PGP;2018;9;NA;Vessels;file MBL2 SOL_fishing capacity.xlsx;;;;;;
Veneto_DRB;2017;10;NA;Vessels;file MBL2 SOL_fishing capacity.xlsx;;;;;;
Veneto_DRB;2018;10;NA;Vessels;file MBL2 SOL_fishing capacity.xlsx;;;;;;
Veneto_DRB;2018;11;NA;Vessels;file MBL2 SOL_fishing capacity.xlsx;;;;;;
Veneto_DRB;2018;12;NA;Vessels;file MBL2 SOL_fishing capacity.xlsx;;;;;;
Veneto_DRB;2018;4;NA;Vessels;file MBL2 SOL_fishing capacity.xlsx;;;;;;
Veneto_DRB;2018;5;NA;Vessels;file MBL2 SOL_fishing capacity.xlsx;;;;;;
Veneto_DTS;2005;0;221;Vessels;file MBL2 SOL_fishing capacity.xlsx;;;;;;
Veneto_DTS;2006;0;213;Vessels;file MBL2 SOL_fishing capacity.xlsx;;;;;;
Veneto_DTS;2007;0;178;Vessels;file MBL2 SOL_fishing capacity.xlsx;;;;;;
Veneto_DTS;2008;0;172;Vessels;file MBL2 SOL_fishing capacity.xlsx;;;;;;
Veneto_DTS;2009;0;165;Vessels;file MBL2 SOL_fishing capacity.xlsx;;;;;;
Veneto_DTS;2010;0;165;Vessels;file MBL2 SOL_fishing capacity.xlsx;;;;;;
Veneto_DTS;2011;0;164;Vessels;file MBL2 SOL_fishing capacity.xlsx;;;;;;
Veneto_DTS;2012;0;163;Vessels;file MBL2 SOL_fishing capacity.xlsx;;;;;;
Veneto_DTS;2013;0;158;Vessels;file MBL2 SOL_fishing capacity.xlsx;;;;;;
Veneto_DTS;2014;0;119;Vessels;file MBL2 SOL_fishing capacity.xlsx;;;;;;
Veneto_DTS;2015;0;117;Vessels;file MBL2 SOL_fishing capacity.xlsx;;;;;;
Veneto_DTS;2016;0;118;Vessels;file MBL2 SOL_fishing capacity.xlsx;;;;;;
Veneto_DTS;2017;0;128;Vessels;file MBL2 SOL_fishing capacity.xlsx;;;;;;
Veneto_DTS;2018;0;126;Vessels;file MBL2 SOL_fishing capacity.xlsx;;;;;;
Veneto_PGP;2005;0;381;Vessels;file MBL2 SOL_fishing capacity.xlsx;;;;;;
Veneto_PGP;2006;0;364;Vessels;file MBL2 SOL_fishing capacity.xlsx;;;;;;
Veneto_PGP;2007;0;352;Vessels;file MBL2 SOL_fishing capacity.xlsx;;;;;;
Veneto_PGP;2008;0;332;Vessels;file MBL2 SOL_fishing capacity.xlsx;;;;;;
Veneto_PGP;2009;0;322;Vessels;file MBL2 SOL_fishing capacity.xlsx;;;;;;
Veneto_PGP;2010;0;312;Vessels;file MBL2 SOL_fishing capacity.xlsx;;;;;;
Veneto_PGP;2011;0;324;Vessels;file MBL2 SOL_fishing capacity.xlsx;;;;;;
Veneto_PGP;2012;0;321;Vessels;file MBL2 SOL_fishing capacity.xlsx;;;;;;
Veneto_PGP;2013;0;323;Vessels;file MBL2 SOL_fishing capacity.xlsx;;;;;;
Veneto_PGP;2014;0;313;Vessels;file MBL2 SOL_fishing capacity.xlsx;;;;;;
Veneto_PGP;2015;0;309;Vessels;file MBL2 SOL_fishing capacity.xlsx;;;;;;
Veneto_PGP;2016;0;311;Vessels;file MBL2 SOL_fishing capacity.xlsx;;;;;;
Veneto_PGP;2017;0;303;Vessels;file MBL2 SOL_fishing capacity.xlsx;;;;;;
Veneto_PGP;2018;0;300;Vessels;file MBL2 SOL_fishing capacity.xlsx;;;;;;
Veneto_TBB;2005;0;40;Vessels;file MBL2 SOL_fishing capacity.xlsx;;;;;;
Veneto_TBB;2006;0;35;Vessels;file MBL2 SOL_fishing capacity.xlsx;;;;;;
Veneto_TBB;2007;0;48;Vessels;file MBL2 SOL_fishing capacity.xlsx;;;;;;
Veneto_TBB;2008;0;36;Vessels;file MBL2 SOL_fishing capacity.xlsx;;;;;;
Veneto_TBB;2009;0;38;Vessels;file MBL2 SOL_fishing capacity.xlsx;;;;;;
Veneto_TBB;2010;0;37;Vessels;file MBL2 SOL_fishing capacity.xlsx;;;;;;
Veneto_TBB;2011;0;36;Vessels;file MBL2 SOL_fishing capacity.xlsx;;;;;;
Veneto_TBB;2012;0;36;Vessels;file MBL2 SOL_fishing capacity.xlsx;;;;;;
Veneto_TBB;2013;0;31;Vessels;file MBL2 SOL_fishing capacity.xlsx;;;;;;
Veneto_TBB;2014;0;28;Vessels;file MBL2 SOL_fishing capacity.xlsx;;;;;;
Veneto_TBB;2015;0;29;Vessels;file MBL2 SOL_fishing capacity.xlsx;;;;;;
Veneto_TBB;2016;0;29;Vessels;file MBL2 SOL_fishing capacity.xlsx;;;;;;
Veneto_TBB;2017;0;28;Vessels;file MBL2 SOL_fishing capacity.xlsx;;;;;;
Veneto_TBB;2018;0;30;Vessels;file MBL2 SOL_fishing capacity.xlsx;;;;;;
Veneto_TM;2015;0;NA;Vessels;file MBL2 SOL_fishing capacity.xlsx;;;;;;
HRV_DFN;2005;0;1113;Vessels;equal 2012;;;;;;
HRV_DFN;2006;0;1113;Vessels;equal 2012;;;;;;
HRV_DFN;2007;0;1113;Vessels;equal 2012;;;;;;
HRV_DFN;2008;0;1113;Vessels;equal 2012;;;;;;
HRV_DFN;2009;0;1113;Vessels;equal 2012;;;;;;
HRV_DFN;2010;0;1113;Vessels;equal 2012;;;;;;
HRV_DFN;2011;0;1113;Vessels;equal 2012;;;;;;
HRV_DFN;2012;0;1113;Vessels;AER file AER_all_uploaded_v_fs.xls;;;;;;
HRV_DFN;2013;0;1085;Vessels;AER file AER_all_uploaded_v_fs.xls;;;;;;
HRV_DFN;2014;0;1033;Vessels;AER file AER_all_uploaded_v_fs.xls;;;;;;
HRV_DFN;2015;0;1062;Vessels;AER file AER_all_uploaded_v_fs.xls;;;;;;
HRV_DFN;2016;0;1007;Vessels;AER file AER_all_uploaded_v_fs.xls;;;;;;
HRV_DFN;2017;0;997;Vessels;AER file AER_all_uploaded_v_fs.xls;;;;;;
HRV_DFN;2018;0;1008;Vessels;AER file AER_all_uploaded_v_fs.xls;;;;;;
SVN_DFN;2005;0;53;Vessels;equal 2008;;;;;;
SVN_DFN;2006;0;53;Vessels;equal 2008;;;;;;
SVN_DFN;2007;0;53;Vessels;equal 2008;;;;;;
SVN_DFN;2008;0;53;Vessels;AER file AER_all_uploaded_v_fs.xls;;;;;;
SVN_DFN;2009;0;54;Vessels;AER file AER_all_uploaded_v_fs.xls;;;;;;
SVN_DFN;2010;0;57;Vessels;AER file AER_all_uploaded_v_fs.xls;;;;;;
SVN_DFN;2011;0;51;Vessels;AER file AER_all_uploaded_v_fs.xls;;;;;;
SVN_DFN;2012;0;59;Vessels;AER file AER_all_uploaded_v_fs.xls;;;;;;
SVN_DFN;2013;0;62;Vessels;AER file AER_all_uploaded_v_fs.xls;;;;;;
SVN_DFN;2014;0;63;Vessels;AER file AER_all_uploaded_v_fs.xls;;;;;;
SVN_DFN;2015;0;63;Vessels;AER file AER_all_uploaded_v_fs.xls;;;;;;
SVN_DFN;2016;0;60;Vessels;AER file AER_all_uploaded_v_fs.xls;;;;;;
SVN_DFN;2017;0;59;Vessels;AER file AER_all_uploaded_v_fs.xls;;;;;;
SVN_DFN;2018;0;56;Vessels;AER file AER_all_uploaded_v_fs.xls;;;;;;
Molise_PGP;2005;0;20;Vessels;file MBL2 SOL_fishing capacity.xlsx;;;;;;
Molise_PGP;2006;0;25;Vessels;file MBL2 SOL_fishing capacity.xlsx;;;;;;
Molise_PGP;2007;0;33;Vessels;file MBL2 SOL_fishing capacity.xlsx;;;;;;
Molise_PGP;2008;0;33;Vessels;file MBL2 SOL_fishing capacity.xlsx;;;;;;
Molise_PGP;2009;0;37;Vessels;file MBL2 SOL_fishing capacity.xlsx;;;;;;
Molise_PGP;2010;0;43;Vessels;file MBL2 SOL_fishing capacity.xlsx;;;;;;
Molise_PGP;2011;0;44;Vessels;file MBL2 SOL_fishing capacity.xlsx;;;;;;
Molise_PGP;2012;0;45;Vessels;file MBL2 SOL_fishing capacity.xlsx;;;;;;
Molise_PGP;2013;0;46;Vessels;file MBL2 SOL_fishing capacity.xlsx;;;;;;
Molise_PGP;2014;0;49;Vessels;file MBL2 SOL_fishing capacity.xlsx;;;;;;
Molise_PGP;2015;0;48;Vessels;file MBL2 SOL_fishing capacity.xlsx;;;;;;
Molise_PGP;2016;0;47;Vessels;file MBL2 SOL_fishing capacity.xlsx;;;;;;
Molise_PGP;2017;0;47;Vessels;file MBL2 SOL_fishing capacity.xlsx;;;;;;
Molise_PGP;2018;0;47;Vessels;file MBL2 SOL_fishing capacity.xlsx;;;;;;
