SURBA;2.2;;;;;;;;;
----------;;;;;;;;;;
;;;;;;;;;;
Run;performed;at;11.18.03;on;03/01/2013;;;;;
;;;;;;;;;;
--------------------------------------------------------------------;;;;;;;;;;
;;;;;;;;;;
Analysis;will;use;data;from;Surba;ARISFOL;GSA10_1994-2011_1-age;slicing;qd-meno;0.dat
;;;;;;;;;;
Survey:;GSA10;ARISFOL_1994-2011;;;;;;;;
;;;;;;;;;;
Index;dimensions;;;;;;;;;
----------------;;;;;;;;;;
;;;;;;;;;;
Number;of;years;18;(1994-2011);;;;;;
Number;of;ages;4;(1-4+);;;;;;
Number;of;cohorts;21;;;;;;;
Start;(prop.;of;year);0.5;;;;;;
End;(prop.;of;year);0.75;;;;;;
Last;age;plus;group;Yes;;;;;;
Mean;F;range;01-mar;;;;;;;
No.;years;for;forecast;F;9;;;;;
No.;years;for;forecast;M;9;;;;;
No.;years;for;forecast;Wt;9;;;;;
No.;years;for;forecast;Mat;9;;;;;
No.;years;for;GM;rec;8;;;;;
No.;years;for;forecast;8;;;;;;
;;;;;;;;;;
Default;age;weightings;;;;;;;;
;;;;;;;;;;
Age;1;2;3;4+;;;;;;
w;1;1;1;1;;;;;;
;;;;;;;;;;
Default;catchabilities;;;;;;;;;
;;;;;;;;;;
Age;1;2;3;4+;;;;;;
q;1;1;1;1;;;;;;
;;;;;;;;;;
Survey;index;data;(CPUE);;;;;;;
;;;;;;;;;;
;Age;;;;;;;;;
Year;1;2;3;4+;;;;;;
1994;50;124;91;18;;;;;;
1995;168;39;20;3.7;;;;;;
1996;42;97;20;3.9;;;;;;
1997;529;81;40;8.4;;;;;;
1998;146;154;31;6;;;;;;
1999;214;226;47;4.9;;;;;;
2000;81;156;88;10.2;;;;;;
2001;99;136;45;3.2;;;;;;
2002;122;67;25;6.8;;;;;;
2003;288;161;23;4.8;;;;;;
2004;59;136;19;0.5;;;;;;
2005;497;181;44;6.9;;;;;;
2006;242;227;86;8.4;;;;;;
2007;56;56;42;13.6;;;;;;
2008;261;153;34;7.7;;;;;;
2009;197;214;56;10.8;;;;;;
2010;333;223;56;4.8;;;;;;
2011;71;234;86;8.1;;;;;;
;;;;;;;;;;
Natural;mortality;;;;;;;;;
;;;;;;;;;;
;Age;;;;;;;;;
Year;1;2;3;4+;;;;;;
1994;0.44;0.3;0.23;0.2;;;;;;
1995;0.44;0.3;0.23;0.2;;;;;;
1996;0.44;0.3;0.23;0.2;;;;;;
1997;0.44;0.3;0.23;0.2;;;;;;
1998;0.44;0.3;0.23;0.2;;;;;;
1999;0.44;0.3;0.23;0.2;;;;;;
2000;0.44;0.3;0.23;0.2;;;;;;
2001;0.44;0.3;0.23;0.2;;;;;;
2002;0.44;0.3;0.23;0.2;;;;;;
2003;0.44;0.3;0.23;0.2;;;;;;
2004;0.44;0.3;0.23;0.2;;;;;;
2005;0.44;0.3;0.23;0.2;;;;;;
2006;0.44;0.3;0.23;0.2;;;;;;
2007;0.44;0.3;0.23;0.2;;;;;;
2008;0.44;0.3;0.23;0.2;;;;;;
2009;0.44;0.3;0.23;0.2;;;;;;
2010;0.44;0.3;0.23;0.2;;;;;;
2011;0.44;0.3;0.23;0.2;;;;;;
;;;;;;;;;;
Proportion;mature;;;;;;;;;
;;;;;;;;;;
;Age;;;;;;;;;
Year;1;2;3;4+;;;;;;
1994;0.1;1;1;1;;;;;;
1995;0.1;1;1;1;;;;;;
1996;0.1;1;1;1;;;;;;
1997;0.1;1;1;1;;;;;;
1998;0.1;1;1;1;;;;;;
1999;0.1;1;1;1;;;;;;
2000;0.1;1;1;1;;;;;;
2001;0.1;1;1;1;;;;;;
2002;0.1;1;1;1;;;;;;
2003;0.1;1;1;1;;;;;;
2004;0.1;1;1;1;;;;;;
2005;0.1;1;1;1;;;;;;
2006;0.1;1;1;1;;;;;;
2007;0.1;1;1;1;;;;;;
2008;0.1;1;1;1;;;;;;
2009;0.1;1;1;1;;;;;;
2010;0.1;1;1;1;;;;;;
2011;0.1;1;1;1;;;;;;
;;;;;;;;;;
Stock;weights;Kg;;;;;;;;
;;;;;;;;;;
;Age;;;;;;;;;
Year;1;2;3;4+;;;;;;
1994;0.01258;0.02086;0.02511;0.03255;;;;;;
1995;0.01258;0.02086;0.02511;0.03255;;;;;;
1996;0.01258;0.02086;0.02511;0.03255;;;;;;
1997;0.01258;0.02086;0.02511;0.03255;;;;;;
1998;0.01258;0.02086;0.02511;0.03255;;;;;;
1999;0.01258;0.02086;0.02511;0.03255;;;;;;
2000;0.01258;0.02086;0.02511;0.03255;;;;;;
2001;0.01258;0.02086;0.02511;0.03255;;;;;;
2002;0.01258;0.02086;0.02511;0.03255;;;;;;
2003;0.01258;0.02086;0.02511;0.03255;;;;;;
2004;0.01258;0.02086;0.02511;0.03255;;;;;;
2005;0.01258;0.02086;0.02511;0.03255;;;;;;
2006;0.01258;0.02086;0.02511;0.03255;;;;;;
2007;0.01258;0.02086;0.02511;0.03255;;;;;;
2008;0.01258;0.02086;0.02511;0.03255;;;;;;
2009;0.01258;0.02086;0.02511;0.03255;;;;;;
2010;0.01258;0.02086;0.02511;0.03255;;;;;;
2011;0.01258;0.02086;0.02511;0.03255;;;;;;
;;;;;;;;;;
Survey;index;data;(mean-standardised);;;;;;;
;;;;;;;;;;
;Age;;;;;;;;;
Year;1;2;3;4+;;;;;;
1994;0.50678;1.25681;0.92234;0.18244;;;;;;
1995;1.70277;0.39529;0.20271;0.0375;;;;;;
1996;0.42569;0.98315;0.20271;0.03953;;;;;;
1997;5.36171;0.82098;0.40542;0.08514;;;;;;
1998;1.47979;1.56088;0.3142;0.06081;;;;;;
1999;2.16901;2.29064;0.47637;0.04966;;;;;;
2000;0.82098;1.58115;0.89193;0.10338;;;;;;
2001;1.00342;1.37844;0.4561;0.03243;;;;;;
2002;1.23654;0.67908;0.25339;0.06892;;;;;;
2003;2.91904;1.63183;0.23312;0.04865;;;;;;
2004;0.598;1.37844;0.19258;0.00507;;;;;;
2005;5.03737;1.83454;0.44596;0.06994;;;;;;
2006;2.45281;2.30077;0.87166;0.08514;;;;;;
2007;0.56759;0.56759;0.42569;0.13784;;;;;;
2008;2.64538;1.55074;0.34461;0.07804;;;;;;
2009;1.99671;2.16901;0.56759;0.10946;;;;;;
2010;3.37514;2.26023;0.56759;0.04865;;;;;;
2011;0.71962;2.37172;0.87166;0.0821;;;;;;
;;;;;;;;;;
Scaling;factor;=;98.6625;;;;;;;
;;;;;;;;;;
Smoothing;indices;by;cohorts;;;;;;;
----------------------------;;;;;;;;;;
;;;;;;;;;;
;Smoothed;index;by;age;;;;;;
YC;N;a1;a2;IFAIL;RSS;1;2;3;4+;
1990;1;4;4;9;0;NA;NA;NA;0.182;
1991;2;3;4;9;0;NA;NA;0.922;0.038;
1992;3;2;4;9;0;NA;1.257;0.203;0.04;
1993;4;1;4;0;0.05;0.571;0.343;0.188;0.094;
1994;4;1;4;0;0.247;2.092;0.853;0.29;0.08;
1995;4;1;4;0;0.804;0.685;0.475;0.224;0.075;
1996;4;1;4;0;0.018;5.544;1.567;0.428;0.111;
1997;4;1;4;0;1.797;2.736;1.361;0.399;0.066;
1998;4;1;4;0;0.312;2.902;1.151;0.36;0.09;
1999;4;1;4;0;0.816;1.34;0.681;0.239;0.064;
2000;4;1;4;0;1.669;1.667;0.498;0.094;0.01;
2001;4;1;4;0;0.775;1.838;0.784;0.254;0.074;
2002;4;1;4;0;0.103;3.401;1.2;0.372;0.101;
2003;4;1;4;0;1.122;1.047;0.975;0.576;0.224;
2004;4;1;4;0;0.14;6.175;1.724;0.412;0.088;
2005;4;1;4;0;0.13;2.148;0.756;0.289;0.112;
2006;4;1;4;0;1.507;1.074;0.777;0.334;0.087;
2007;4;1;4;0;0.389;3.688;1.476;0.452;0.109;
2008;3;1;3;9;0;1.997;2.26;0.872;NA;
2009;2;1;2;9;0;3.375;2.372;NA;NA;
2010;1;1;1;9;0;0.72;NA;NA;NA;
;;;;;;;;;;
Smoothed;index;;;;;;;;;
;;;;;;;;;;
;Age;;;;;;;;;
Year;1;2;3;4+;;;;;;
1994;0.57122;1.25681;0.92234;0.18244;;;;;;
1995;2.09172;0.34343;0.20271;0.0375;;;;;;
1996;0.68545;0.85345;0.18753;0.03953;;;;;;
1997;5.54353;0.47549;0.29023;0.09398;;;;;;
1998;2.7365;1.56654;0.22437;0.07966;;;;;;
1999;2.90179;1.36127;0.42791;0.07458;;;;;;
2000;1.3402;1.15071;0.39936;0.11091;;;;;;
2001;1.66709;0.68118;0.35964;0.06591;;;;;;
2002;1.83769;0.49832;0.23852;0.08978;;;;;;
2003;3.40065;0.78389;0.0944;0.06407;;;;;;
2004;1.04659;1.20017;0.25424;0.01026;;;;;;
2005;6.17533;0.97456;0.37207;0.0742;;;;;;
2006;2.14803;1.72354;0.57617;0.10061;;;;;;
2007;1.07375;0.7557;0.41175;0.2243;;;;;;
2008;3.68819;0.77727;0.28945;0.08786;;;;;;
2009;1.99671;1.47646;0.33371;0.11177;;;;;;
2010;3.37514;2.26023;0.45201;0.08727;;;;;;
2011;0.71962;2.37172;0.87166;0.10863;;;;;;
;;;;;;;;;;
Linear;regressions;between;mean-standardised;survey;indices;at;age;;;
;;;;;;;;;;
Y;age;X;age;I'cept;Slope;R2;(%);;;
;;;;;;;;;;
;2;1;0.1703;0.3043;20.1162;;;;;
;3;1;-0.9251;0.1482;5.5873;;;;;
;4;1;-2.9049;0.2316;5.9456;;;;;
;3;2;-1.0774;0.6296;40.6566;;;;;
;4;2;-2.9138;0.2884;3.869;;;;;
;4;3;-2.5998;0.3013;4.4569;;;;;
;;;;;;;;;;
Linear;regressions;between;mean-standardised;smoothed;survey;indices;at;age;;
;;;;;;;;;;
Y;age;X;age;I'cept;Slope;R2;(%);;;
;;;;;;;;;;
;2;1;-0.4646;0.6377;61.5054;;;;;
;3;1;-1.3229;0.285;14.962;;;;;
;4;1;-2.5582;0.0541;0.35;;;;;
;3;2;-1.1201;0.7654;59.5139;;;;;
;4;2;-2.5234;0.42;9.1271;;;;;
;4;3;-1.8083;0.6938;29.1334;;;;;
;;;;;;;;;;
Empirical;stock;summaries;(mean;Z;range;=;1;to;3);
;;;;;;;;;;
;Original;Smoothed;;;;;;;;
Year;SSB;Z;SSB;Z;;;;;;
1994;1.161;1.759;1.423;1.845;;;;;;
1995;0.346;0.951;0.409;1.045;;;;;;
1996;0.569;0.366;0.626;0.712;;;;;;
1997;0.764;1.364;0.692;1.103;;;;;;
1998;0.919;0.865;1.126;1.032;;;;;;
1999;1.329;0.929;1.148;1.167;;;;;;
2000;1.24;1.346;0.999;1.214;;;;;;
2001;0.882;1.325;0.698;1.215;;;;;;
2002;0.505;0.814;0.549;1.277;;;;;;
2003;0.937;2.239;0.637;1.462;;;;;;
2004;0.716;0.34;0.84;0.825;;;;;;
2005;1.205;1.061;1.012;1.037;;;;;;
2006;1.571;1.665;1.432;1.14;;;;;;
2007;0.575;0.397;0.882;0.942;;;;;;
2008;0.972;0.783;0.787;0.904;;;;;;
2009;1.36;1.224;1.151;0.8;;;;;;
2010;1.395;1.08;1.665;0.91;;;;;;
2011;1.555;NA;1.925;NA;media degli ultimi n anni ( n input dell'utente);;;;;
;;;;;;;;;;
Analysis;definitions;and;results;;;;;;;
--------------------------------;;;;;;;;;;
;;;;;;;;;;
Indices;smoothed;before;analysis;;;;;;;
User-defined;catchabilities;;;;;;;;;
User-defined;age;weighting;;;;;;;;
Constrained;parameter;estimation;;;;;;;;
Relative;estimates;;;;;;;;;
;;;;;;;;;;
Index;smoother;=;2;;;;;;;
SSQ;smoother;=;0;;;;;;;
Residual;sum-of-squares;=;4.5969;;;;;;;
Number;of;observations;=;88;;;;;;
Number;of;parameters;=;40;;;;;;
IFAIL;on;exit;from;E04JYF;=;0;;;;
;;;;;;;;;;
Catchabilities;used;in;analysis;;;;;;;
;;;;;;;;;;
Age;1;2;3;4+;;;;;;
q;1;1;1;1;;;;;;
;;;;;;;;;;
Age;weightings;used;in;analysis;;;;;;
;;;;;;;;;;
Age;1;2;3;4+;;;;;;
w;1;1;1;1;;;;;;
;;;;;;;;;;
Parameter;estimates;;;;;;;;;
;;;;;;;;;;
;Estimate;s.e.;Initial;;;;;;;
Temporal;trends:;1994;2.0414;NA;1;;;;;
;1995;0.8342;NA;1;;;;;;
;1996;0.4231;NA;1;;;;;;
;1997;0.9433;NA;1;;;;;;
;1998;0.8538;NA;1;;;;;;
;1999;1.117;NA;1;;;;;;
;2000;1.205;NA;1;;;;;;
;2001;0.8749;NA;1;;;;;;
;2002;1.1734;NA;1;;;;;;
;2003;1.6991;NA;1;;;;;;
;2004;0.6315;NA;1;;;;;;
;2005;0.7678;NA;1;;;;;;
;2006;0.695;NA;1;;;;;;
;2007;1.3168;NA;1;;;;;;
;2008;0.5999;NA;1;;;;;;
;2009;0.9512;NA;1;;;;;;
;2010;0.8726;NA;NA;;;;;;
;;;;;;;;;;
Age;effects:;1;0.2539;NA;0.5;;;;;
;2;0.7765;NA;0.5;;;;;;
;3;1.5175;NA;0.5;;;;;;
;4+;1.5175;NA;NA;;;;;;
;;;;;;;;;;
Cohort;effects:;1990;-1.7107;NA;-0.7686;;;;;
;1991;-0.1254;NA;0.8519;;;;;;
;1992;0.1845;NA;1.1613;;;;;;
;1993;-0.1031;NA;0.1332;;;;;;
;1994;0.3992;NA;1.4311;;;;;;
;1995;-0.1175;NA;0.3155;;;;;;
;1996;1.2262;NA;2.4058;;;;;;
;1997;0.9551;NA;1.6998;;;;;;
;1998;0.9662;NA;1.7585;;;;;;
;1999;0.3794;NA;0.986;;;;;;
;2000;-0.0381;NA;1.2042;;;;;;
;2001;0.7359;NA;1.3017;;;;;;
;2002;0.9247;NA;1.9171;;;;;;
;2003;0.6131;NA;0.7387;;;;;;
;2004;1.1694;NA;2.5137;;;;;;
;2005;0.5968;NA;1.4577;;;;;;
;2006;0.3608;NA;0.7643;;;;;;
;2007;0.9918;NA;1.9983;;;;;;
;2008;1.2367;NA;1.3846;;;;;;
;2009;1.3708;NA;1.9096;;;;;;
;2010;-0.329;NA;0.3641;;;;;;
;;;;;;;;;;
Fishing;mortality-at-age;;;;;;;;;
;;;;;;;;;;
;Age;;;;;;;;;
Year;1;2;3;4+;;;;;;
1994;0.51831;1.58516;3.0978;3.0978;;;;;;
1995;0.2118;0.64776;1.26589;1.26589;;;;;;
1996;0.10744;0.32857;0.64212;0.64212;;;;;;
1997;0.2395;0.73246;1.43142;1.43142;;;;;;
1998;0.21679;0.66301;1.29569;1.29569;;;;;;
1999;0.28359;0.86732;1.69496;1.69496;;;;;;
2000;0.30594;0.93566;1.82851;1.82851;;;;;;
2001;0.22213;0.67935;1.32763;1.32763;;;;;;
2002;0.29792;0.91113;1.78058;1.78058;;;;;;
2003;0.43141;1.31937;2.57838;2.57838;;;;;;
2004;0.16034;0.49038;0.95833;0.95833;;;;;;
2005;0.19493;0.59616;1.16505;1.16505;;;;;;
2006;0.17645;0.53965;1.05461;1.05461;;;;;;
2007;0.33433;1.02247;1.99817;1.99817;;;;;;
2008;0.15231;0.46581;0.91032;0.91032;;;;;;
2009;0.2415;0.73857;1.44336;1.44336;;;;;;
2010;0.22156;0.67759;1.32419;1.32419;;;;;;
;;;;;;;;;;
Log;fitted;survey;index;;;;;;;
;;;;;;;;;;
;Age;;;;;;;;;
Year;1;2;3;4+;;;;;;
1994;-0.1031;0.1845;-0.1254;-1.7107;;;;;;
1995;0.3992;-1.0615;-1.7006;-3.2616;;;;;;
1996;-0.1175;-0.2526;-2.0092;-3.0007;;;;;;
1997;1.2262;-0.6649;-0.8812;-2.5576;;;;;;
1998;0.9551;0.5467;-1.6974;-2.3664;;;;;;
1999;0.9662;0.2983;-0.4163;-2.7992;;;;;;
2000;0.3794;0.2426;-0.869;-2.2504;;;;;;
2001;-0.0381;-0.3665;-0.9931;-2.6973;;;;;;
2002;0.7359;-0.7003;-1.3459;-2.3789;;;;;;
2003;0.9247;-0.002;-1.9114;-3.044;;;;;;
2004;0.6131;0.0533;-1.6214;-4.4331;;;;;;
2005;1.1694;0.0128;-0.7371;-2.7496;;;;;;
2006;0.5968;0.5344;-0.8834;-2.0031;;;;;;
2007;0.3608;-0.0196;-0.3052;-1.8781;;;;;;
2008;0.9918;-0.4135;-1.3421;-2.3397;;;;;;
2009;1.2367;0.3995;-1.1793;-2.1603;;;;;;
2010;1.3708;0.5552;-0.6391;-2.526;;;;;;
2011;-0.329;0.7092;-0.4224;-2.0482;;;;;;
;;;;;;;;;;
Fitted;survey;index;;;;;;;;
;;;;;;;;;;
;Age;;;;;;;;;
Year;1;2;3;4+;;;;;;
1994;0.902;1.20268;0.88218;0.18073;;;;;;
1995;1.49061;0.34595;0.18257;0.03833;;;;;;
1996;0.88916;0.77676;0.13409;0.04975;;;;;;
1997;3.40827;0.51432;0.41429;0.07749;;;;;;
1998;2.59901;1.72755;0.18316;0.09382;;;;;;
1999;2.62781;1.34762;0.65948;0.06086;;;;;;
2000;1.46143;1.2745;0.41938;0.10535;;;;;;
2001;0.9626;0.69314;0.37043;0.06739;;;;;;
2002;2.08741;0.49646;0.26031;0.09265;;;;;;
2003;2.5211;0.998;0.14788;0.04764;;;;;;
2004;1.84623;1.05473;0.19763;0.01188;;;;;;
2005;3.21992;1.01288;0.4785;0.06395;;;;;;
2006;1.81638;1.70647;0.41339;0.13492;;;;;;
2007;1.43447;0.98058;0.73696;0.15289;;;;;;
2008;2.69612;0.66131;0.2613;0.09636;;;;;;
2009;3.44434;1.49108;0.30748;0.11529;;;;;;
2010;3.93852;1.74235;0.52778;0.07998;;;;;;
2011;0.71962;2.03246;0.6555;0.12897;;;;;;
;;;;;;;;;;
Fitted;catch-at-age;;;;;;;;;
;;;;;;;;;;
;Age;;;;;;;;;
Year;1;2;3;4+;;;;;;
1994;0.30074;0.85777;0.79175;0.1635;;;;;;
1995;0.23196;0.1448;0.11988;0.02546;;;;;;
1996;0.07356;0.18948;0.05745;0.02159;;;;;;
1997;0.5924;0.23493;0.28917;0.05469;;;;;;
1998;0.41305;0.73534;0.12172;0.06306;;;;;;
1999;0.53039;0.68968;0.49597;0.04625;;;;;;
2000;0.31511;0.68458;0.32497;0.08248;;;;;;
2001;0.15638;0.30024;0.24923;0.04585;;;;;;
2002;0.43983;0.26224;0.19966;0.0718;;;;;;
2003;0.72595;0.6521;0.12758;0.04147;;;;;;
2004;0.22258;0.35751;0.11081;0.00674;;;;;;
2005;0.46465;0.3988;0.30058;0.04064;;;;;;
2006;0.23924;0.62311;0.24545;0.08107;;;;;;
2007;0.33382;0.55611;0.58969;0.12355;;;;;;
2008;0.30987;0.21522;0.1419;0.05298;;;;;;
2009;0.60312;0.68504;0.21546;0.08168;;;;;;
2010;0.63835;0.75332;0.35463;0.05435;;;;;;
;;;;;;;;;;
Log;residuals;;;;;;;;;
;;;;;;;;;;
;Age;;;;;;;;;
Year;1;2;3;4+;;;;;;
1994;-0.4568;0.044;0.0445;0.0094;;;;;;
1995;0.3388;-0.0073;0.1046;-0.0217;;;;;;
1996;-0.2602;0.0942;0.3354;-0.2301;;;;;;
1997;0.4864;-0.0785;-0.3559;0.1929;;;;;;
1998;0.0516;-0.0978;0.2029;-0.1636;;;;;;
1999;0.0992;0.0101;-0.4325;0.2033;;;;;;
2000;-0.0866;-0.1022;-0.0489;0.0514;;;;;;
2001;0.5492;-0.0174;-0.0296;-0.0221;;;;;;
2002;-0.1274;0.0037;-0.0874;-0.0315;;;;;;
2003;0.2993;-0.2415;-0.4488;0.2962;;;;;;
2004;-0.5676;0.1292;0.2519;-0.1459;;;;;;
2005;0.6512;-0.0386;-0.2516;0.1486;;;;;;
2006;0.1677;0.01;0.332;-0.2934;;;;;;
2007;-0.2896;-0.2605;-0.5821;0.3833;;;;;;
2008;0.3133;0.1616;0.1023;-0.0923;;;;;;
2009;-0.5452;-0.0099;0.0819;-0.031;;;;;;
2010;-0.1544;0.2602;-0.155;0.0872;;;;;;
2011;0;0.1544;0.285;-0.1717;;;;;;
;;;;;;;;;;
Index;by;year-class;;;;;;;;
;;;;;;;;;;
;Age;;;;;;;;;
YCls;1;2;3;4+;;;;;;
1990;NA;NA;NA;0.1824;;;;;;
1991;NA;NA;0.9223;0.0375;;;;;;
1992;NA;1.2568;0.2027;0.0395;;;;;;
1993;0.5068;0.3953;0.2027;0.0851;;;;;;
1994;1.7028;0.9831;0.4054;0.0608;;;;;;
1995;0.4257;0.821;0.3142;0.0497;;;;;;
1996;5.3617;1.5609;0.4764;0.1034;;;;;;
1997;1.4798;2.2906;0.8919;0.0324;;;;;;
1998;2.169;1.5811;0.4561;0.0689;;;;;;
1999;0.821;1.3784;0.2534;0.0487;;;;;;
2000;1.0034;0.6791;0.2331;0.0051;;;;;;
2001;1.2365;1.6318;0.1926;0.0699;;;;;;
2002;2.919;1.3784;0.446;0.0851;;;;;;
2003;0.598;1.8345;0.8717;0.1378;;;;;;
2004;5.0374;2.3008;0.4257;0.078;;;;;;
2005;2.4528;0.5676;0.3446;0.1095;;;;;;
2006;0.5676;1.5507;0.5676;0.0487;;;;;;
2007;2.6454;2.169;0.5676;0.0821;;;;;;
2008;1.9967;2.2602;0.8717;NA;;;;;;
2009;3.3751;2.3717;NA;NA;;;;;;
2010;0.7196;NA;NA;NA;;;;;;
;;;;;;;;;;
Fitted;index;by;year-class;;;;;;;
;;;;;;;;;;
;Age;;;;;;;;;
YCls;1;2;3;4+;;;;;;
1990;NA;NA;NA;0.1807;;;;;;
1991;NA;NA;0.8822;0.0383;;;;;;
1992;NA;1.2027;0.1826;0.0498;;;;;;
1993;0.902;0.346;0.1341;0.0775;;;;;;
1994;1.4906;0.7768;0.4143;0.0938;;;;;;
1995;0.8892;0.5143;0.1832;0.0609;;;;;;
1996;3.4083;1.7276;0.6595;0.1054;;;;;;
1997;2.599;1.3476;0.4194;0.0674;;;;;;
1998;2.6278;1.2745;0.3704;0.0927;;;;;;
1999;1.4614;0.6931;0.2603;0.0476;;;;;;
2000;0.9626;0.4965;0.1479;0.0119;;;;;;
2001;2.0874;0.998;0.1976;0.064;;;;;;
2002;2.5211;1.0547;0.4785;0.1349;;;;;;
2003;1.8462;1.0129;0.4134;0.1529;;;;;;
2004;3.2199;1.7065;0.737;0.0964;;;;;;
2005;1.8164;0.9806;0.2613;0.1153;;;;;;
2006;1.4345;0.6613;0.3075;0.08;;;;;;
2007;2.6961;1.4911;0.5278;0.129;;;;;;
2008;3.4443;1.7423;0.6555;NA;;;;;;
2009;3.9385;2.0325;NA;NA;;;;;;
2010;0.7196;NA;NA;NA;;;;;;
;;;;;;;;;;
Stock;summary;(*;=;mean-standardised);;;;;;
;;;;;;;;;;
Year;Yield*;TSB*;SSB*;SSBJan1*;Rec1*;Rec2*;Rec1Jan1*;Rec2Jan1*;MeanF(1-3);
;;;;;;;;;;
1994;-0.4861;1.02606;1.39528;3.25817;0.42653;1.07923;0.77638;3.50599;1.73376;
1995;-0.1201;0.50616;0.38379;0.32536;0.70487;0.31044;1.05933;0.56135;0.70848;
1996;-0.0787;0.51529;0.57369;0.36209;0.42046;0.69704;0.592;1.03246;0.35938;
1997;-0.2693;1.05897;0.71857;0.67261;1.61169;0.46153;2.46445;0.87992;0.80113;
1998;-0.3066;1.21578;1.20763;0.95952;1.22901;1.55023;1.8528;2.83003;0.72516;
1999;-0.4053;1.26869;1.28474;1.32774;1.24263;1.2093;1.95321;2.50832;0.94862;
2000;-0.3236;0.93794;1.08997;1.17558;0.69107;1.14369;1.10154;2.47575;1.02337;
2001;-0.1729;0.60581;0.69858;0.62413;0.45519;0.62199;0.68852;1.14714;0.74304;
2002;-0.2239;0.73485;0.57951;0.63248;0.98709;0.4455;1.56549;0.94971;0.99655;
2003;-0.3558;0.91996;0.75232;0.98715;1.19216;0.89557;2.05525;2.46406;1.44305;
2004;-0.1604;0.805;0.7631;0.5376;0.87304;0.94648;1.27053;1.55112;0.53635;
2005;-0.277;1.20541;1.01006;0.81319;1.52262;0.90892;2.2643;1.59138;0.65205;
2006;-0.2734;1.16535;1.35406;1.02192;0.85892;1.53131;1.26264;2.58805;0.59024;
2007;-0.3687;0.9865;1.17628;1.52609;0.67833;0.87993;1.10057;2.01101;1.11832;
2008;-0.1656;0.91379;0.69138;0.49695;1.27493;0.59343;1.84611;0.95772;0.50948;
2009;-0.3646;1.36735;1.20638;1.04639;1.62874;1.33804;2.49364;2.56078;0.80781;
2010;-0.4141;1.61948;1.46986;1.23305;1.86243;1.56351;2.81611;2.8804;0.74111;
2011;NA;1.14762;1.64481;NA;0.34029;1.82385;NA;NA;NA;
;;;;;;;;;;
Deterministic;forecasts;;;;;;;;;
-----------------------;;;;;;;;;;
;;;;;;;;;;
Forecast;fishing;mortality;;;;;;;;
;;;;;;;;;;
;Age;;;;;;;;;
Year;1;2;3;4+;;;;;;
2011;0.24564;0.75124;1.46811;1.46811;;;;;;
2012;0.24564;0.75124;1.46811;1.46811;;;;;;
2013;0.24564;0.75124;1.46811;1.46811;;;;;;
2014;0.24564;0.75124;1.46811;1.46811;;;;;;
2015;0.24564;0.75124;1.46811;1.46811;;;;;;
2016;0.24564;0.75124;1.46811;1.46811;;;;;;
2017;0.24564;0.75124;1.46811;1.46811;;;;;;
2018;0.24564;0.75124;1.46811;1.46811;;;;;;
2019;0.24564;0.75124;1.46811;1.46811;;;;;;
;;;;;;;;;;
Forecast;natural;mortality;;;;;;;;
;;;;;;;;;;
;Age;;;;;;;;;
Year;1;2;3;4+;;;;;;
2011;0.44;0.3;0.23;0.2;;;;;;
2012;0.44;0.3;0.23;0.2;;;;;;
2013;0.44;0.3;0.23;0.2;;;;;;
2014;0.44;0.3;0.23;0.2;;;;;;
2015;0.44;0.3;0.23;0.2;;;;;;
2016;0.44;0.3;0.23;0.2;;;;;;
2017;0.44;0.3;0.23;0.2;;;;;;
2018;0.44;0.3;0.23;0.2;;;;;;
2019;0.44;0.3;0.23;0.2;;;;;;
;;;;;;;;;;
Forecast;stock;weights;;;;;;;;
;;;;;;;;;;
;Age;;;;;;;;;
Year;1;2;3;4+;;;;;;
2011;0.01258;0.02086;0.02511;0.03255;;;;;;
2012;0.01258;0.02086;0.02511;0.03255;;;;;;
2013;0.01258;0.02086;0.02511;0.03255;;;;;;
2014;0.01258;0.02086;0.02511;0.03255;;;;;;
2015;0.01258;0.02086;0.02511;0.03255;;;;;;
2016;0.01258;0.02086;0.02511;0.03255;;;;;;
2017;0.01258;0.02086;0.02511;0.03255;;;;;;
2018;0.01258;0.02086;0.02511;0.03255;;;;;;
2019;0.01258;0.02086;0.02511;0.03255;;;;;;
;;;;;;;;;;
Forecast;proportion;mature;;;;;;;;
;;;;;;;;;;
;Age;;;;;;;;;
Year;1;2;3;4+;;;;;;
2011;0.1;1;1;1;;;;;;
2012;0.1;1;1;1;;;;;;
2013;0.1;1;1;1;;;;;;
2014;0.1;1;1;1;;;;;;
2015;0.1;1;1;1;;;;;;
2016;0.1;1;1;1;;;;;;
2017;0.1;1;1;1;;;;;;
2018;0.1;1;1;1;;;;;;
2019;0.1;1;1;1;;;;;;
;;;;;;;;;;
Forecast;index;;;;;;;;;
;;;;;;;;;;
;Age;;;;;;;;;
Year;1;2;3;4+;;;;;;
2011;0.71962;2.03246;0.6555;0.12897;;;;;;
2012;2.11977;0.36252;0.71036;0.11998;;;;;;
2013;2.11977;1.06787;0.1267;0.13002;;;;;;
2014;2.11977;1.06787;0.37323;0.02319;;;;;;
2015;2.11977;1.06787;0.37323;0.06831;;;;;;
2016;2.11977;1.06787;0.37323;0.06831;;;;;;
2017;2.11977;1.06787;0.37323;0.06831;;;;;;
2018;2.11977;1.06787;0.37323;0.06831;;;;;;
2019;2.11977;1.06787;0.37323;0.06831;;;;;;
;;;;;;;;;;
Forecast;catch;;;;;;;;;
;;;;;;;;;;
;Age;;;;;;;;;
Year;1;2;3;4+;;;;;;
2011;0.12794;0.94481;0.46299;0.0921;;;;;;
2012;0.37686;0.16852;0.50174;0.08568;;;;;;
2013;0.37686;0.49641;0.08949;0.09285;;;;;;
2014;0.37686;0.49641;0.26362;0.01656;;;;;;
2015;0.37686;0.49641;0.26362;0.04878;;;;;;
2016;0.37686;0.49641;0.26362;0.04878;;;;;;
2017;0.37686;0.49641;0.26362;0.04878;;;;;;
2018;0.37686;0.49641;0.26362;0.04878;;;;;;
2019;0.37686;0.49641;0.26362;0.04878;;;;;;
;;;;;;;;;;
Forecast;summary;;;;;;;;;
----------------;;;;;;;;;;
;;;;;;;;;;
Year;Yield;TSB;SSB;SSBJan1;RecAge1;MeanF(1-3);;;;
;;;;;;;;;;
2011;-3.70E-01;1.14762;1.64481;1.51368;0.34029;0.82166;;;;
2012;-2.60E-01;0.89086;0.82218;0.86277;1.00239;0.82166;;;;
2013;-2.40E-01;0.89699;0.83208;0.72433;1.00239;0.82166;;;;
2014;-2.70E-01;0.94017;0.90186;0.80952;1.00239;0.82166;;;;
2015;-2.70E-01;0.96355;0.93963;0.85372;1.00239;0.82166;;;;
2016;-2.70E-01;0.96355;0.93963;0.85372;1.00239;0.82166;;;;
2017;-2.70E-01;0.96355;0.93963;0.85372;1.00239;0.82166;;;;
2018;-2.70E-01;0.96355;0.93963;0.85372;1.00239;0.82166;;;;
2019;-2.70E-01;0.96355;0.93963;0.85372;1.00239;0.82166;;;;
;;;;;;;;;;
Bootstrap;residual;uncertainty;estimation;;;;;;;
-----------------------------------------;;;;;;;;;;
;;;;;;;;;;
SSB;(survey;time);;;;;;;;
;;;;;;;;;;
Year;Estimate;5%;25%;50%;75%;95%;;;;
;;;;;;;;;;
1994;1.3953;1.1241;1.3231;1.4698;1.6449;1.9402;;;;
1995;0.3838;0.3372;0.3823;0.4199;0.4666;0.5414;;;;
1996;0.5737;0.4785;0.5665;0.6375;0.7156;0.9211;;;;
1997;0.7186;0.5704;0.6484;0.7143;0.785;0.8895;;;;
1998;1.2076;0.866;1.0166;1.1394;1.2911;1.6765;;;;
1999;1.2847;0.8854;1.058;1.1848;1.3299;1.6786;;;;
2000;1.09;0.7877;0.9244;1.0176;1.1469;1.4308;;;;
2001;0.6986;0.5606;0.65;0.7152;0.7921;0.9705;;;;
2002;0.5795;0.4456;0.5105;0.564;0.6327;0.7537;;;;
2003;0.7523;0.5116;0.5907;0.6539;0.7255;0.9181;;;;
2004;0.7631;0.6089;0.7438;0.8497;0.9738;1.2945;;;;
2005;1.0101;0.8246;0.9548;1.0403;1.1545;1.3807;;;;
2006;1.3541;1.1144;1.3059;1.471;1.6626;2.0555;;;;
2007;1.1763;0.7292;0.8293;0.9127;1.0109;1.1941;;;;
2008;0.6914;0.631;0.7339;0.8026;0.8754;1.0605;;;;
2009;1.2064;0.8947;1.046;1.1693;1.3179;1.6993;;;;
2010;1.4699;1.314;1.5441;1.7072;1.9189;2.4303;;;;
2011;1.6448;1.4644;1.7359;1.9616;2.1969;2.7857;;;;
;;;;;;;;;;
SSB;(Jan;1);;;;;;;;
;;;;;;;;;;
Year;Estimate;5%;25%;50%;75%;95%;;;;
;;;;;;;;;;
1994;3.2582;2.0124;2.6685;3.2651;4.0403;5.6451;;;;
1995;0.3254;0.2405;0.3066;0.3633;0.4397;0.5843;;;;
1996;0.3621;0.2909;0.3906;0.4847;0.601;0.9217;;;;
1997;0.6726;0.4089;0.5167;0.6085;0.7157;0.9076;;;;
1998;0.9595;0.6109;0.8238;0.9986;1.286;1.9738;;;;
1999;1.3277;0.6417;0.899;1.0799;1.3297;1.9416;;;;
2000;1.1756;0.654;0.861;1.0424;1.2772;1.7881;;;;
2001;0.6241;0.4163;0.5494;0.6392;0.7682;1.0576;;;;
2002;0.6325;0.3828;0.4856;0.5902;0.7368;1.038;;;;
2003;0.9871;0.4406;0.5495;0.6434;0.7771;1.117;;;;
2004;0.5376;0.4262;0.5768;0.7285;0.9251;1.5011;;;;
2005;0.8132;0.547;0.688;0.8116;0.9777;1.274;;;;
2006;1.0219;0.8275;1.1089;1.3566;1.7166;2.5095;;;;
2007;1.5261;0.5508;0.7086;0.8481;1.0162;1.3996;;;;
2008;0.497;0.3746;0.5025;0.5875;0.6994;0.946;;;;
2009;1.0464;0.6219;0.8403;1.0274;1.271;1.8667;;;;
2010;1.2331;0.8724;1.1468;1.387;1.7251;2.5564;;;;
2011;NA;NA;NA;NA;NA;NA;;;;
;;;;;;;;;;
Mean;F;;;;;;;;;
;;;;;;;;;;
Year;Estimate;5%;25%;50%;75%;95%;;F(1-3);;
;;;;;;;;;;
1994;1.7338;1.1916;1.3871;1.5218;1.6587;1.873;;1.52177;;
1995;0.7085;0.392;0.5876;0.7234;0.8571;1.0519;;0.72338;;
1996;0.3594;0.0648;0.2607;0.3838;0.5201;0.7359;;0.38382;;
1997;0.8011;0.4539;0.6438;0.7764;0.908;1.1016;;0.77642;;
1998;0.7252;0.3475;0.558;0.6963;0.8355;1.055;;0.6963;;
1999;0.9486;0.4436;0.7024;0.8421;0.9782;1.1869;;0.84206;;
2000;1.0234;0.5248;0.7573;0.8964;1.0431;1.2162;;0.89644;;
2001;0.743;0.5488;0.7473;0.8866;1.0179;1.226;;0.88661;;
2002;0.9965;0.6018;0.8269;0.9608;1.0933;1.2808;;0.96079;;
2003;1.4431;0.8089;0.9935;1.1311;1.2787;1.4851;;1.13111;;
2004;0.5364;0.1567;0.3598;0.496;0.6371;0.8411;;0.49596;;
2005;0.652;0.3696;0.581;0.7185;0.8536;1.0542;;0.71852;;
2006;0.5902;0.448;0.6709;0.8075;0.9514;1.1535;;0.80749;;
2007;1.1183;0.294;0.4835;0.6302;0.7673;0.962;;0.63018;;
2008;0.5095;0.2322;0.4326;0.5674;0.7126;0.8949;;0.56743;;
2009;0.8078;0.1287;0.3328;0.4787;0.6116;0.8095;;0.47873;;
2010;0.7411;0.2453;0.4571;0.593;0.7373;0.9198;;0.59299;;
2011;NA;NA;NA;NA;NA;NA;;;;
;;;;;;;;;;
Recruitment;(survey;time);at;age;1;;;;;
;;;;;;;;;;
Year;Estimate;5%;25%;50%;75%;95%;;;;
;;;;;;;;;;
1994;0.43;0.18;0.23;0.27;0.32;0.43;;;;
1995;0.7;0.67;0.84;0.99;1.12;1.56;;;;
1996;0.42;0.22;0.28;0.32;0.38;0.51;;;;
1997;1.61;1.79;2.25;2.61;2.98;4.14;;;;
1998;1.23;0.92;1.12;1.3;1.5;2.03;;;;
1999;1.24;0.94;1.13;1.37;1.6;2.15;;;;
2000;0.69;0.43;0.54;0.64;0.74;1;;;;
2001;0.46;0.48;0.67;0.78;0.9;1.24;;;;
2002;0.99;0.59;0.75;0.88;1.01;1.37;;;;
2003;1.19;1.1;1.37;1.64;1.88;2.52;;;;
2004;0.87;0.34;0.42;0.49;0.56;0.78;;;;
2005;1.52;1.99;2.48;2.94;3.38;5.04;;;;
2006;0.86;0.69;0.86;1.02;1.19;1.59;;;;
2007;0.68;0.35;0.43;0.51;0.56;0.8;;;;
2008;1.27;1.19;1.49;1.76;2.04;2.75;;;;
2009;1.63;0.67;0.81;0.95;1.07;1.49;;;;
2010;1.86;1.09;1.37;1.6;1.86;2.5;;;;
2011;0.34;0.24;0.3;0.34;0.4;0.53;;;;
;;;;;;;;;;
Recruitment;(survey;time);at;age;2;;;;;
;;;;;;;;;;
Year;Estimate;5%;25%;50%;75%;95%;;;;
;;;;;;;;;;
1994;1.08;0.77;0.97;1.14;1.32;1.78;;;;
1995;0.31;0.19;0.26;0.31;0.36;0.49;;;;
1996;0.7;0.52;0.65;0.77;0.89;1.21;;;;
1997;0.46;0.29;0.37;0.43;0.5;0.67;;;;
1998;1.55;0.96;1.19;1.39;1.64;2.22;;;;
1999;1.21;0.75;1.04;1.24;1.44;1.93;;;;
2000;1.14;0.7;0.88;1.04;1.2;1.63;;;;
2001;0.62;0.44;0.53;0.62;0.71;0.97;;;;
2002;0.45;0.3;0.38;0.45;0.52;0.77;;;;
2003;0.9;0.5;0.61;0.71;0.82;1.11;;;;
2004;0.95;0.66;0.89;1.07;1.26;1.86;;;;
2005;0.91;0.6;0.75;0.88;1.02;1.38;;;;
2006;1.53;0.95;1.33;1.57;1.81;2.44;;;;
2007;0.88;0.48;0.58;0.68;0.79;1.07;;;;
2008;0.59;0.43;0.59;0.69;0.77;1.09;;;;
2009;1.34;0.9;1.12;1.32;1.53;2.09;;;;
2010;1.56;1.45;1.78;2.04;2.37;3.2;;;;
2011;1.82;1.45;1.82;2.13;2.46;3.36;;;;
;;;;;;;;;;
Recruitment;(Jan;1);at;age;1;;;;;
;;;;;;;;;;
Year;Estimate;5%;25%;50%;75%;95%;;;;
;;;;;;;;;;
1994;0.78;0.12;0.19;0.24;0.32;0.56;;;;
1995;1.06;0.55;0.84;1.12;1.47;2.52;;;;
1996;0.59;0.13;0.2;0.27;0.35;0.59;;;;
1997;2.46;1.9;2.91;3.77;4.92;8.3;;;;
1998;1.85;0.66;1.02;1.31;1.72;2.9;;;;
1999;1.95;0.74;1.16;1.58;2.07;3.35;;;;
2000;1.1;0.3;0.48;0.64;0.83;1.42;;;;
2001;0.69;0.5;0.8;1.06;1.41;2.53;;;;
2002;1.57;0.47;0.75;0.98;1.28;2.18;;;;
2003;2.06;0.97;1.52;2.09;2.71;4.41;;;;
2004;1.27;0.17;0.25;0.34;0.44;0.71;;;;
2005;2.26;1.95;3.14;4.27;5.73;10.17;;;;
2006;1.26;0.6;0.96;1.3;1.7;2.83;;;;
2007;1.1;0.21;0.31;0.41;0.53;0.9;;;;
2008;1.85;0.99;1.55;2.07;2.7;4.47;;;;
2009;2.49;0.29;0.43;0.57;0.74;1.26;;;;
2010;2.82;0.65;1;1.31;1.69;2.89;;;;
2011;NA;NA;NA;NA;NA;NA;;;;
;;;;;;;;;;
Recruitment;(Jan;1);at;age;2;;;;;
;;;;;;;;;;
Year;Estimate;5%;25%;50%;75%;95%;;;;
;;;;;;;;;;
1994;3.51;0.94;1.51;1.97;2.55;4.23;;;;
1995;0.56;0.12;0.19;0.25;0.33;0.57;;;;
1996;1.03;0.42;0.62;0.82;1.06;1.83;;;;
1997;0.88;0.19;0.29;0.38;0.49;0.78;;;;
1998;2.83;0.87;1.3;1.7;2.29;3.84;;;;
1999;2.51;0.65;1.07;1.49;1.92;3.31;;;;
2000;2.48;0.52;0.88;1.2;1.55;2.59;;;;
2001;1.15;0.33;0.5;0.66;0.85;1.44;;;;
2002;0.95;0.34;0.54;0.69;0.94;1.67;;;;
2003;2.46;0.39;0.59;0.78;1.03;1.78;;;;
2004;1.55;0.56;0.9;1.2;1.61;2.92;;;;
2005;1.59;0.34;0.52;0.68;0.89;1.53;;;;
2006;2.59;0.97;1.6;2.13;2.8;4.61;;;;
2007;2.01;0.36;0.53;0.69;0.9;1.58;;;;
2008;0.96;0.29;0.48;0.64;0.82;1.33;;;;
2009;2.56;0.74;1.11;1.52;1.99;3.41;;;;
2010;2.88;1.06;1.6;2.05;2.7;4.51;;;;
2011;NA;NA;NA;NA;NA;NA;;;;
;;;;;;;;;;
Stock;summary;(50th;percentile;of;bootstrapped;runs);;;;
;;;;;;;;;;
Year;SSB;SSBJan1;RecAge1;RecAge2;Rec1Jan1;Rec2Jan1;F(1-3);;;
;;;;;;;;;;
1994;1.46976;3.26515;0.2721;1.13898;0.24246;1.9734;1.52177;;;
1995;0.41994;0.36331;0.98544;0.30818;1.11972;0.24846;0.72338;;;
1996;0.63752;0.48465;0.32292;0.76585;0.26619;0.82469;0.38382;;;
1997;0.71432;0.60849;2.61162;0.42669;3.76859;0.3785;0.77642;;;
1998;1.13936;0.99862;1.30353;1.3926;1.30701;1.69727;0.6963;;;
1999;1.18475;1.07989;1.36707;1.24301;1.57884;1.4944;0.84206;;;
2000;1.01756;1.04244;0.6384;1.04018;0.63995;1.20306;0.89644;;;
2001;0.71515;0.63924;0.78095;0.61575;1.05592;0.65529;0.88661;;;
2002;0.56404;0.59017;0.88426;0.45045;0.98229;0.69354;0.96079;;;
2003;0.65393;0.64342;1.63632;0.7104;2.09455;0.78409;1.13111;;;
2004;0.8497;0.72854;0.49306;1.07297;0.33532;1.20349;0.49596;;;
2005;1.0403;0.81162;2.94161;0.88095;4.27;0.68311;0.71852;;;
2006;1.47104;1.35656;1.02321;1.5738;1.2951;2.12823;0.80749;;;
2007;0.91271;0.84809;0.50775;0.68485;0.40931;0.68559;0.63018;;;
2008;0.80261;0.58747;1.76133;0.69097;2.06728;0.63873;0.56743;;;
2009;1.1693;1.02742;0.95113;1.32491;0.56642;1.52186;0.47873;;;
2010;1.70715;1.38701;1.59602;2.04313;1.30946;2.05445;0.59299;;;
2011-99.00000;NA-99.00000;2.12829;NA;NA;NA;;;;;
;;;;;;;;;;
Retrospective;analyses;;;;;;;;;
----------------------;;;;;;;;;;
;;;;;;;;;;
Running;retrospective;analyses...;;;;;;;;
retro_count;=;1;retro_year;=;18;ifail;=;0;;
retro_count;=;2;retro_year;=;17;ifail;=;0;;
retro_count;=;3;retro_year;=;16;ifail;=;0;;
retro_count;=;4;retro_year;=;15;ifail;=;0;;
retro_count;=;5;retro_year;=;14;ifail;=;0;;
retro_count;=;6;retro_year;=;13;ifail;=;0;;
retro_count;=;7;retro_year;=;12;ifail;=;0;;
retro_count;=;8;retro_year;=;11;ifail;=;0;;
retro_count;=;9;retro_year;=;10;ifail;=;0;;
;;;;;;;;;;
Spawning;stock;biomass;;;;;;;;
;;;;;;;;;;
;Last;year;;;;;;;;
Year;2011;2010;2009;2008;2007;2006;2005;2004;2003+;
1994;1.48152;1.46199;1.45591;1.4589;1.4437;1.46982;1.46646;1.45942;1.46283;
1995;0.42224;0.42056;0.41678;0.42185;0.41664;0.41636;0.41816;0.41769;0.41989;
1996;0.639;0.63441;0.63486;0.62962;0.63389;0.63702;0.62957;0.63786;0.64085;
1997;0.72013;0.71566;0.70924;0.70312;0.70886;0.70852;0.70732;0.70454;0.71276;
1998;1.13911;1.16372;1.14485;1.15183;1.14323;1.14584;1.14437;1.1491;1.1531;
1999;1.17722;1.19669;1.17254;1.15775;1.16254;1.16197;1.17038;1.17285;1.18209;
2000;1.01986;1.02845;1.02398;1.00916;1.00847;1.01676;1.01863;1.02378;1.02088;
2001;0.71237;0.71894;0.71897;0.71411;0.71088;0.71138;0.71517;0.71657;0.71574;
2002;0.56337;0.56037;0.56156;0.56702;0.55963;0.55879;0.56861;0.5632;0.56136;
2003;0.64992;0.65688;0.64714;0.64449;0.64014;0.64693;0.65083;0.65514;0.65447;
2004;0.85027;0.85497;0.85291;0.85386;0.85542;0.85316;0.85673;0.85415;NA;
2005;1.0304;1.04075;1.03207;1.02936;1.02767;1.03008;1.03303;NA;NA;
2006;1.47186;1.47687;1.46011;1.48018;1.4371;1.46223;NA;NA;NA;
2007;0.90921;0.90586;0.90285;0.90718;0.90368;NA;NA;NA;NA;
2008;0.80402;0.80734;0.80852;0.80625;NA;NA;NA;NA;NA;
2009;1.18426;1.16584;1.15896;NA;NA;NA;NA;NA;NA;
2010;1.69534;1.70547;NA;NA;NA;NA;NA;NA;NA;
2011;1.95654;NA;NA;NA;NA;NA;NA;NA;NA;
;;;;;;;;;;
Total;stock;biomass;;;;;;;;
;;;;;;;;;;
;Last;year;;;;;;;;
Year;2011;2010;2009;2008;2007;2006;2005;2004;2003+;
1994;1.02307;1.0178;1.0103;1.00459;1.0045;1.01655;1.00878;1.00748;1.01071;
1995;0.64638;0.64013;0.6369;0.63525;0.63539;0.6329;0.63483;0.64028;0.63833;
1996;0.52315;0.51859;0.52191;0.51717;0.52091;0.5215;0.51631;0.5189;0.5225;
1997;1.45804;1.42977;1.43748;1.42096;1.41598;1.41355;1.42629;1.44961;1.45741;
1998;1.21661;1.22868;1.20982;1.22214;1.20207;1.20363;1.21761;1.20953;1.21444;
1999;1.25752;1.26988;1.24838;1.23674;1.2541;1.25599;1.26823;1.25815;1.26306;
2000;0.87758;0.88614;0.8824;0.87221;0.86848;0.87733;0.88074;0.8786;0.87418;
2001;0.75032;0.75662;0.7483;0.74923;0.7392;0.74624;0.74698;0.74867;0.74868;
2002;0.68098;0.6815;0.68287;0.68676;0.67389;0.67699;0.6835;0.67985;0.68657;
2003;1.02037;1.02173;1.01063;1.01346;1.01042;1.01032;1.01957;1.02306;1.02744;
2004;0.72331;0.72558;0.72336;0.7219;0.7229;0.71745;0.72505;0.71742;NA;
2005;1.74933;1.7638;1.75368;1.76827;1.74908;1.76094;1.74948;NA;NA;
2006;1.30081;1.31673;1.29984;1.30399;1.28435;1.30277;NA;NA;NA;
2007;0.76321;0.76069;0.75602;0.75677;0.76594;NA;NA;NA;NA;
2008;1.17239;1.17949;1.1515;1.15566;NA;NA;NA;NA;NA;
2009;1.09892;1.09275;1.07329;NA;NA;NA;NA;NA;NA;
2010;1.66768;1.68252;NA;NA;NA;NA;NA;NA;NA;
2011;1.34594;NA;NA;NA;NA;NA;NA;NA;NA;
;;;;;;;;;;
Mean;F;;;;;;;;;
;;;;;;;;;;
;Last;year;;;;;;;;
Year;2011;2010;2009;2008;2007;2006;2005;2004;2003+;
1994;1.52335;1.52416;1.53124;1.50414;1.53051;1.53435;1.53075;1.52886;1.52891;
1995;0.73109;0.73056;0.72111;0.72989;0.73006;0.70946;0.72227;0.72397;0.70592;
1996;0.39096;0.37671;0.38695;0.39468;0.38512;0.39356;0.37658;0.39523;0.39289;
1997;0.79824;0.77363;0.77058;0.75982;0.77395;0.77831;0.77588;0.77679;0.77288;
1998;0.71179;0.70598;0.70145;0.71821;0.70811;0.70253;0.70602;0.71408;0.70648;
1999;0.8494;0.8499;0.83198;0.83407;0.84129;0.84419;0.84676;0.83717;0.841;
2000;0.88564;0.88581;0.89096;0.88311;0.88376;0.88071;0.87962;0.8945;0.8868;
2001;0.894;0.90994;0.89613;0.88852;0.8985;0.89423;0.87914;0.88338;0.89199;
2002;0.95919;0.95116;0.96089;0.97268;0.9525;0.95441;0.9617;0.95256;0.96388;
2003;1.14959;1.14368;1.13786;1.13068;1.12821;1.13566;1.14142;1.14201;NA;
2004;0.5169;0.49229;0.50665;0.5125;0.51919;0.48542;0.49844;NA;NA;
2005;0.69184;0.70982;0.71824;0.69943;0.7136;0.70491;NA;NA;NA;
2006;0.81911;0.81741;0.81795;0.81892;0.81344;NA;NA;NA;NA;
2007;0.61751;0.62074;0.61241;0.62231;NA;NA;NA;NA;NA;
2008;0.56997;0.59118;0.57418;NA;NA;NA;NA;NA;NA;
2009;0.48359;0.46924;NA;NA;NA;NA;NA;NA;NA;
2010;0.59243;NA;NA;NA;NA;NA;NA;NA;NA;
2011;NA;NA;NA;NA;NA;NA;NA;NA;NA;
;;;;;;;;;;
Recruitment;at;age;1;;;;;;;
;;;;;;;;;;
;Last;year;;;;;;;;
Year;2011;2010;2009;2008;2007;2006;2005;2004;2003+;
1994;0.26911;0.27398;0.26415;0.25915;0.26707;0.261;0.27012;0.2702;0.27221;
1995;0.99639;0.98913;0.96729;0.97144;0.97797;0.98007;0.97636;0.98912;0.98913;
1996;0.32292;0.32181;0.31697;0.31495;0.32048;0.32116;0.31995;0.32041;0.32774;
1997;2.64736;2.60266;2.58749;2.54719;2.55669;2.59084;2.56581;2.62223;2.65063;
1998;1.29402;1.29402;1.27728;1.29402;1.27129;1.27893;1.27733;1.29443;1.29402;
1999;1.35935;1.36237;1.34189;1.31646;1.35671;1.37;1.37324;1.37218;1.3828;
2000;0.63375;0.62922;0.61976;0.62242;0.6181;0.62795;0.63375;0.63395;0.65374;
2001;0.79411;0.79752;0.77092;0.77789;0.77448;0.78111;0.78833;0.80755;0.79442;
2002;0.86087;0.86334;0.869;0.85346;0.85374;0.85887;0.85779;0.85903;0.89641;
2003;1.60808;1.60808;1.56136;1.56256;1.58995;1.59336;1.60808;1.60859;1.65881;
2004;0.49981;0.49168;0.48398;0.4809;0.48933;0.49038;0.49491;0.49491;NA;
2005;2.92016;2.92016;2.85569;2.95227;2.88724;2.88612;2.88249;NA;NA;
2006;1.01196;1.00913;0.98624;0.99759;0.99791;1.00391;NA;NA;NA;
2007;0.50775;0.50775;0.50775;0.49337;0.50844;NA;NA;NA;NA;
2008;1.74405;1.74405;1.69338;1.71287;NA;NA;NA;NA;NA;
2009;0.95113;0.95521;0.91676;NA;NA;NA;NA;NA;NA;
2010;1.61183;1.59602;NA;NA;NA;NA;NA;NA;NA;
2011;0.33902;NA;NA;NA;NA;NA;NA;NA;NA;
;;;;;;;;;;
Temporal;trends;;;;;;;;;
;;;;;;;;;;
;Last;year;;;;;;;;
Year;2011;2010;2009;2008;2007;2006;2005;2004;2003+;
1994;2.04143;2.03479;1.99549;1.94542;1.98016;1.89792;1.90659;1.82024;1.97842;
1995;0.83421;0.82334;0.86342;0.83238;0.86669;0.85779;0.78617;0.75954;0.73096;
1996;0.42315;0.41781;0.37012;0.36581;0.35079;0.33475;0.37907;0.35944;0.44454;
1997;0.94329;0.94082;0.968;0.93737;0.97684;0.94389;0.89493;0.85865;0.86788;
1998;0.85385;0.85258;0.82956;0.80965;0.82464;0.78631;0.79674;0.75919;0.84417;
1999;1.11696;1.11087;1.11015;1.07897;1.10624;1.06862;1.04652;1.00217;1.05466;
2000;1.20497;1.19458;1.18078;1.14873;1.16818;1.13346;1.12066;1.0736;1.1449;
2001;0.87489;0.87101;0.89124;0.86333;0.89663;0.86914;0.82631;0.79148;0.80687;
2002;1.17339;1.1712;1.12756;1.10221;1.11641;1.06276;1.09387;1.0448;1.1276;
2003;1.69913;1.69012;1.71741;1.66541;1.72024;1.66277;1.59207;1.53089;NA;
2004;0.63153;0.61509;0.57337;0.56084;0.54417;0.55645;0.55708;NA;NA;
2005;0.76776;0.76142;0.79673;0.7697;0.80324;0.82614;NA;NA;NA;
2006;0.69498;0.70085;0.67165;0.65515;0.64578;NA;NA;NA;NA;
2007;1.31678;1.30487;1.30059;1.26504;NA;NA;NA;NA;NA;
2008;0.59989;0.59861;0.60394;NA;NA;NA;NA;NA;NA;
2009;0.95116;0.91204;NA;NA;NA;NA;NA;NA;NA;
2010;0.87263;NA;NA;NA;NA;NA;NA;NA;NA;
2011;NA;NA;NA;NA;NA;NA;NA;NA;NA;
;;;;;;;;;;
Age;effects;;;;;;;;;
;;;;;;;;;;
;Last;year;;;;;;;;
Ages;2011;2010;2009;2008;2007;2006;2005;2004;2003+;
;1;0.2539;0.27603;0.33364;0.33763;0.37829;0.36591;0.31515;0.32546;0.27041
;2;0.7765;0.79214;0.74396;0.77466;0.74467;0.73519;0.82721;0.85188;0.90951
;3;1.51747;1.50969;1.53441;1.573;1.52562;1.61752;1.60799;1.69071;1.52366
;4;1.51747;1.50969;1.53441;1.573;1.52562;1.61752;1.60799;1.69071;1.52366
;;;;;;;;;;
Cohort;effects;;;;;;;;;
;;;;;;;;;;
;Last;year;;;;;;;;
YCls;2011;2010;2009;2008;2007;2006;2005;2004;2003+;
1989;-1.71073;-1.71377;-1.71435;-1.71465;-1.71905;-1.71306;-1.71432;-1.71287;-1.72139;
1990;-0.12536;-0.13913;-0.14174;-0.14308;-0.16241;-0.13594;-0.14159;-0.13508;-0.17245;
1991;0.18455;0.19389;0.13612;0.14588;0.12739;0.09777;0.17768;0.16704;0.27374;
1992;-0.10314;-0.07363;-0.01389;-0.01821;0.0396;-0.00176;-0.05021;-0.05724;-0.0827;
1993;0.39919;0.40901;0.44016;0.43661;0.46292;0.45358;0.41948;0.41832;0.40102;
1994;-0.11747;-0.10879;-0.11293;-0.11084;-0.10599;-0.12262;-0.10816;-0.11247;-0.09211;
1995;1.22621;1.24211;1.26698;1.26548;1.29513;1.27103;1.25199;1.24725;1.24979;
1996;0.95513;0.96862;0.9772;0.97796;0.99534;0.97236;0.9736;0.96836;0.9844;
1997;0.96615;0.98446;1.01032;1.00909;1.04033;1.01281;0.99523;0.98939;0.9928;
1998;0.37942;0.39741;0.4277;0.42587;0.45818;0.4323;0.41001;0.4058;0.39671;
1999;-0.03812;-0.02326;-0.00587;-0.00649;0.01798;-0.00569;-0.01754;-0.02147;0.0321;
2000;0.73592;0.75652;0.75613;0.75942;0.77988;0.7446;0.76006;0.71992;0.55497;
2001;0.92469;0.94578;1.00965;1.00309;1.05599;1.03325;1.02069;1.17234;1.22397;
2002;0.61315;0.62255;0.63146;0.63115;0.63898;0.55434;0.31767;0.04554;NA;
2003;1.16936;1.1811;1.20103;1.2007;1.24874;1.55362;1.82056;NA;NA;
2004;0.59684;0.6103;0.60665;0.61567;0.58437;0.76455;NA;NA;NA;
2005;0.3608;0.37405;0.4063;0.34315;0.07115;NA;NA;NA;NA;
2006;0.99181;1.04455;1.16814;1.30513;NA;NA;NA;NA;NA;
2007;1.23673;1.09936;0.6915;NA;NA;NA;NA;NA;NA;
2008;1.37081;1.21644;NA;NA;NA;NA;NA;NA;NA;
2009;-0.32903;NA;NA;NA;NA;NA;NA;NA;NA;
2010;NA;NA;NA;NA;NA;NA;NA;NA;NA;
;;;;;;;;;;
;SSB;TSB;Mean;F;Rec;;;;;
Mohn's;rho;(;9;runs);=;0.0111;0.0247;0.04;0.0616;
Mohn's;rho;(;5;runs);=;0.0187;0.0251;0.0215;0.0624;
